POA_CODE_2021,P_Tot_55_64,P_Tot_65_74,P_Tot_75_84,P_Tot_85ov,P_Tot_Tot
POA2000,1449,940,440,110,21229
POA2007,281,166,54,22,5310
POA2008,402,224,57,13,7638
POA2009,998,825,301,65,9146
POA2010,2073,1164,532,162,20378
POA2011,1688,1231,588,299,14443
POA2015,658,319,90,22,8238
POA2016,999,623,294,94,9211
POA2017,1162,776,355,140,21080
POA2018,1105,653,322,94,11962
POA2019,896,493,210,74,7381
POA2020,890,426,191,49,14073
POA2021,1294,949,545,183,10590
POA2022,995,753,453,165,9174
POA2023,1065,867,378,109,6744
POA2024,1011,629,362,291,7403
POA2025,660,620,430,212,4897
POA2026,1993,1302,681,256,22646
POA2027,788,786,559,202,5455
POA2028,391,410,260,81,3257
POA2029,864,711,488,241,6303
POA2030,1528,1082,539,265,8518
POA2031,2582,1705,946,606,22304
POA2032,1007,662,340,136,8710
POA2033,771,488,306,148,7417
POA2034,1643,1037,454,156,13423
POA2035,2899,1847,981,423,20208
POA2036,2700,1769,922,326,18845
POA2037,1418,1052,442,101,11489
POA2038,886,631,223,69,6374
POA2039,784,605,209,30,5600
POA2040,1838,1113,436,187,13838
POA2041,1767,1372,619,118,10320
POA2042,1427,703,188,51,13091
POA2043,636,256,80,16,7245
POA2044,508,275,97,25,5049
POA2045,747,480,152,72,3547
POA2046,2539,1710,737,355,15693
POA2047,1183,884,444,225,7646
POA2048,615,342,166,50,5120
POA2049,910,560,204,90,8088
POA2050,625,351,123,22,6584
POA2060,1404,1119,718,191,11406
POA2061,719,613,384,88,4815
POA2062,627,484,259,55,4629
POA2063,729,519,298,174,3812
POA2064,691,502,218,84,5956
POA2065,2571,1948,909,299,22580
POA2066,2876,2023,1085,435,21530
POA2067,2003,1503,756,335,16989
POA2068,1750,1110,524,251,10069
POA2069,1530,1099,623,268,8820
POA2070,1486,1030,626,236,8788
POA2071,1482,984,606,307,8250
POA2072,883,592,318,103,5621
POA2073,1969,1243,625,236,10314
POA2074,2470,1774,1371,790,14217
POA2075,2197,1590,1176,445,12667
POA2076,2525,1827,1303,767,15046
POA2077,3291,2340,1153,449,26038
POA2079,819,425,187,36,4405
POA2080,187,108,63,7,999
POA2081,601,327,179,41,3054
POA2082,512,397,175,46,3053
POA2083,274,172,81,14,1049
POA2084,401,308,186,74,2125
POA2085,1009,794,678,250,6190
POA2086,1250,779,533,146,7705
POA2087,1248,727,583,273,7175
POA2088,3194,2449,1620,583,18400
POA2089,1035,790,452,177,8195
POA2090,1355,1152,576,181,9328
POA2092,795,458,255,71,4144
POA2093,2290,1345,727,265,13760
POA2094,667,407,210,44,4017
POA2095,1540,965,579,202,11339
POA2096,1313,768,328,91,9427
POA2097,1498,946,507,176,8937
POA2099,3449,2024,1139,428,24550
POA2100,1921,1180,625,315,12051
POA2101,1865,1383,881,509,11517
POA2102,678,457,353,231,4617
POA2103,1115,942,582,257,6293
POA2104,423,428,406,157,2273
POA2105,321,249,116,21,1280
POA2106,1283,871,432,100,5894
POA2107,1976,1542,748,271,9036
POA2108,261,287,174,34,1159
POA2110,1006,871,549,452,5945
POA2111,1412,928,486,248,9408
POA2112,2965,1867,863,447,22717
POA2113,1868,1180,583,331,17827
POA2114,2093,1318,562,178,15829
POA2115,878,498,233,112,6688
POA2116,574,293,145,33,3800
POA2117,1911,1070,550,244,11864
POA2118,2352,1569,837,268,15572
POA2119,1424,1063,649,248,7624
POA2120,2186,1508,817,230,12514
POA2121,3020,2073,901,351,21189
POA2122,2735,1911,958,415,18874
POA2125,1968,1610,571,155,9780
POA2126,2167,1515,677,354,11416
POA2127,1173,671,185,26,15524
POA2128,173,82,26,4,2510
POA2130,599,375,119,52,4866
POA2131,1677,1072,610,412,14720
POA2132,963,553,321,215,6027
POA2133,896,523,194,74,5551
POA2134,1038,638,318,188,11078
POA2135,1991,1259,675,321,16281
POA2136,639,376,211,75,4242
POA2137,2566,1792,888,272,16196
POA2138,1271,828,294,93,13012
POA2140,812,433,169,53,13348
POA2141,1859,1023,389,152,16700
POA2142,1208,677,255,74,13958
POA2143,577,325,125,42,4215
POA2144,1483,830,388,195,17188
POA2145,4880,3020,1488,656,46564
POA2146,1214,762,373,94,10292
POA2147,2607,1833,798,220,18589
POA2148,3864,2480,1127,434,33361
POA2150,1336,816,293,118,23250
POA2151,1673,1129,576,176,12240
POA2152,785,584,414,162,6285
POA2153,5031,3768,1938,590,34974
POA2154,3876,2918,1557,816,23598
POA2155,4948,2713,1091,320,40540
POA2156,1399,1056,680,220,7326
POA2157,374,261,97,25,2037
POA2158,941,626,402,188,4964
POA2159,569,435,250,87,2887
POA2160,2023,1075,504,197,17323
POA2161,1482,860,440,232,13301
POA2162,1086,643,281,206,7794
POA2163,517,357,150,93,4191
POA2164,1078,764,366,180,7586
POA2165,2030,1328,647,202,14540
POA2166,2092,1238,697,384,17182
POA2167,704,421,234,174,5547
POA2168,2480,1263,540,141,15663
POA2170,6398,3830,1880,796,49883
POA2171,2149,911,281,37,15990
POA2172,320,144,40,8,1578
POA2173,1083,430,130,34,7468
POA2174,416,169,45,4,5931
POA2175,142,65,40,8,770
POA2176,3123,2099,824,255,18704
POA2177,852,532,190,109,6012
POA2178,292,203,69,22,1822
POA2179,570,405,222,125,7550
POA2190,1437,809,349,149,10774
POA2191,470,243,118,50,2966
POA2192,834,446,228,133,6586
POA2193,1396,687,267,72,10003
POA2194,1405,710,344,162,12982
POA2195,1098,575,302,182,12187
POA2196,1736,882,452,182,14021
POA2197,523,350,167,89,3911
POA2198,475,361,310,170,4176
POA2199,986,609,266,119,7805
POA2200,2242,1333,660,311,20165
POA2203,1164,571,197,59,8675
POA2204,1741,955,388,129,15914
POA2205,1011,559,282,123,16186
POA2206,1566,850,498,291,9838
POA2207,2079,1319,701,437,13995
POA2208,886,579,277,113,6083
POA2209,1160,745,335,155,7834
POA2210,2544,1717,1090,600,16860
POA2211,1423,832,454,306,8825
POA2212,1137,705,360,290,8298
POA2213,1843,1051,459,172,11359
POA2214,285,209,116,16,1871
POA2216,1740,1128,539,190,15533
POA2217,2028,1154,720,476,16350
POA2218,1246,708,308,107,9026
POA2219,1261,830,459,196,7306
POA2220,2169,1286,603,332,19232
POA2221,1638,977,497,246,8946
POA2222,1028,633,259,130,7075
POA2223,1953,1359,597,270,12171
POA2224,1230,920,677,273,7583
POA2225,495,381,141,33,2998
POA2226,1170,821,397,180,7378
POA2227,1347,907,478,162,8430
POA2228,1541,1131,760,476,11486
POA2229,2607,1934,1020,556,16893
POA2230,3351,2480,1043,420,18715
POA2231,193,105,58,17,1209
POA2232,2847,1957,1221,491,20137
POA2233,2387,1826,1011,402,15815
POA2234,3401,2187,650,189,16379
POA2250,6078,4468,2528,1341,37672
POA2251,3367,2771,1577,622,18039
POA2256,1452,1289,747,250,8222
POA2257,2794,2597,1442,448,15661
POA2258,567,316,123,31,2799
POA2259,4752,3737,2291,811,30973
POA2260,2540,2081,984,229,14341
POA2261,4468,3814,1942,877,27305
POA2262,1508,1062,629,179,9259
POA2263,1843,1598,907,380,11287
POA2264,1401,1334,848,286,8152
POA2265,617,544,387,241,3971
POA2267,336,399,175,31,1660
POA2278,216,161,33,4,1227
POA2280,2523,2058,1087,389,14024
POA2281,1547,1377,642,215,7804
POA2282,1566,1366,735,202,8760
POA2283,2389,2259,1108,364,12675
POA2284,1061,803,466,212,6402
POA2285,2115,1497,793,281,16495
POA2286,294,268,111,21,2194
POA2287,2590,1923,946,420,20095
POA2289,1569,1040,644,229,10990
POA2290,2809,2007,1144,485,18264
POA2291,1472,1011,425,182,8590
POA2292,209,120,43,9,1480
POA2293,303,218,60,8,2116
POA2294,161,108,47,10,1196
POA2295,743,737,296,121,4197
POA2296,159,102,24,3,1286
POA2297,165,80,25,5,1062
POA2298,671,443,313,346,5610
POA2299,820,526,257,151,6222
POA2300,1310,959,406,80,8172
POA2302,126,120,93,39,981
POA2303,946,728,280,121,5645
POA2304,1127,783,360,254,8523
POA2305,1252,887,406,157,7313
POA2306,173,143,59,20,1184
POA2307,236,214,162,52,2222
POA2308,0,0,0,0,509
POA2311,89,68,28,10,421
POA2312,175,126,56,9,717
POA2315,1679,1743,1032,363,8366
POA2316,753,714,390,73,3586
POA2317,663,715,510,140,3434
POA2318,1145,924,437,62,6752
POA2319,699,643,314,64,3277
POA2320,2813,1920,902,274,18437
POA2321,1336,987,410,90,9566
POA2322,1489,926,391,73,10880
POA2323,2086,1522,678,237,12658
POA2324,2242,2109,1136,354,11918
POA2325,2321,1796,768,265,14489
POA2326,545,377,139,25,3218
POA2327,468,378,163,67,3213
POA2328,184,122,48,24,1131
POA2329,163,157,55,32,930
POA2330,1596,937,374,98,9924
POA2331,4,9,0,0,298
POA2333,909,533,224,66,6017
POA2334,157,102,55,7,1448
POA2335,570,335,98,18,3935
POA2336,221,110,56,17,1127
POA2337,599,424,222,89,3744
POA2338,166,142,63,31,741
POA2339,66,41,16,0,315
POA2340,3716,2838,1597,541,24434
POA2341,97,96,41,10,538
POA2342,34,35,12,0,216
POA2343,405,346,174,48,2277
POA2344,75,50,13,0,313
POA2345,54,40,12,3,320
POA2346,247,212,93,24,1331
POA2347,167,131,86,24,762
POA2350,2367,1788,1077,351,14702
POA2352,203,207,78,13,1357
POA2353,105,79,35,20,571
POA2354,340,316,153,35,1705
POA2355,73,65,19,3,297
POA2356,14,3,5,0,43
POA2357,368,362,171,91,2000
POA2358,402,341,124,42,1896
POA2359,68,37,22,5,314
POA2360,1125,916,495,148,6671
POA2361,81,72,39,7,395
POA2365,344,271,150,46,1827
POA2369,59,34,15,0,292
POA2370,695,637,308,106,3729
POA2371,130,139,47,18,564
POA2372,483,516,211,51,2276
POA2379,24,16,4,0,146
POA2380,767,535,309,127,4948
POA2381,110,74,16,11,514
POA2382,80,58,42,22,607
POA2386,18,16,10,0,133
POA2387,12,3,0,0,96
POA2388,206,118,59,17,1034
POA2390,680,425,189,64,3776
POA2395,65,75,26,4,305
POA2396,62,66,30,8,338
POA2397,14,24,9,0,122
POA2398,28,9,4,0,127
POA2399,64,35,20,0,307
POA2400,737,490,219,74,4629
POA2401,21,12,0,0,110
POA2402,134,94,66,16,714
POA2403,56,49,15,8,325
POA2404,154,135,79,24,709
POA2405,37,35,16,0,252
POA2406,47,27,18,7,321
POA2408,27,11,9,0,147
POA2409,88,49,14,0,452
POA2410,21,17,8,0,117
POA2411,14,3,0,0,60
POA2415,43,40,19,0,211
POA2420,423,325,164,40,1951
POA2421,193,161,51,8,1079
POA2422,594,594,275,87,2741
POA2423,390,361,133,34,1600
POA2424,58,44,9,4,245
POA2425,202,143,73,14,984
POA2426,91,59,25,5,375
POA2427,393,563,253,57,1780
POA2428,2480,2829,1656,664,12888
POA2429,1046,857,375,87,4648
POA2430,3431,3274,1713,605,17857
POA2431,593,668,322,117,2868
POA2439,405,501,231,55,2095
POA2440,2124,1678,701,240,10997
POA2441,543,444,100,23,2182
POA2443,973,1089,632,225,4494
POA2444,4523,4247,2497,1088,26719
POA2445,817,759,435,72,3932
POA2446,1339,1098,510,181,7269
POA2447,842,681,296,96,3757
POA2448,1053,1022,566,164,4851
POA2449,273,180,55,8,1030
POA2450,4269,3599,1825,690,24226
POA2452,1293,1120,587,248,7615
POA2453,356,307,144,41,1434
POA2454,992,800,304,83,4506
POA2455,381,361,163,48,1679
POA2456,1511,1436,537,157,8670
POA2460,2711,2125,1004,403,15021
POA2462,274,273,81,13,1219
POA2463,886,841,369,114,4135
POA2464,767,829,412,112,3734
POA2465,32,20,15,0,158
POA2466,227,235,114,24,872
POA2469,611,450,157,41,2248
POA2470,1068,962,513,200,6495
POA2471,247,176,74,19,1315
POA2472,205,153,52,5,970
POA2473,330,325,119,56,1621
POA2474,764,624,218,88,3185
POA2475,36,38,14,3,156
POA2476,96,75,31,9,410
POA2477,1362,1150,591,212,6929
POA2478,3107,2999,1431,614,17443
POA2479,681,500,162,67,3394
POA2480,4780,3615,1335,447,24231
POA2481,1352,1190,368,99,8625
POA2482,808,695,203,45,4070
POA2483,1288,983,325,91,6727
POA2484,2265,1763,689,319,10583
POA2485,1307,1352,856,405,8193
POA2486,2707,2409,1556,759,16107
POA2487,1597,1258,518,194,8071
POA2488,388,198,81,41,1896
POA2489,655,577,326,128,4011
POA2490,91,45,16,4,378
POA2500,3325,2434,1291,539,25945
POA2502,716,425,224,77,4850
POA2505,405,232,73,53,2341
POA2506,519,338,145,66,3249
POA2508,927,554,218,77,5197
POA2515,1470,1053,361,109,7037
POA2516,664,377,162,31,3650
POA2517,1161,864,502,246,7428
POA2518,1671,1136,570,265,10287
POA2519,1488,1130,597,197,9342
POA2525,973,783,445,149,6599
POA2526,1467,928,448,250,8693
POA2527,1796,1250,473,247,12593
POA2528,1776,1411,774,276,10533
POA2529,2399,1698,730,284,14501
POA2530,2406,1719,972,280,16368
POA2533,2014,1977,944,339,10325
POA2534,659,636,285,99,3443
POA2535,922,1049,572,206,4669
POA2536,2057,2120,1067,317,10006
POA2537,1726,1604,695,236,7352
POA2538,333,325,109,59,1430
POA2539,2259,2235,1041,286,10723
POA2540,4876,4494,2199,587,25281
POA2541,2081,1727,945,379,13440
POA2545,149,171,50,9,650
POA2546,1260,1494,619,253,5739
POA2548,927,1018,533,189,4727
POA2549,475,419,154,53,2125
POA2550,2131,1608,627,212,8966
POA2551,355,393,167,69,1738
POA2555,3,4,0,0,54
POA2556,167,131,48,12,1063
POA2557,783,405,136,30,9281
POA2558,816,442,110,25,4855
POA2559,108,63,15,3,1092
POA2560,5027,3815,1702,397,36412
POA2563,19,7,5,0,120
POA2564,888,535,232,61,6122
POA2565,1861,1065,377,76,15351
POA2566,1816,1138,353,74,12200
POA2567,2551,1265,435,85,18475
POA2568,100,108,120,93,728
POA2569,135,117,36,8,699
POA2570,3359,2533,1077,445,30278
POA2571,1088,651,214,40,6561
POA2572,377,330,177,115,2721
POA2573,304,269,121,35,2553
POA2574,424,317,167,45,2701
POA2575,1567,1311,700,196,9365
POA2576,1468,1791,1370,571,8458
POA2577,1855,1620,833,222,9385
POA2578,358,498,269,87,1798
POA2579,462,448,224,44,2469
POA2580,2720,2129,1012,372,15705
POA2581,259,174,80,14,1355
POA2582,1264,919,405,123,7112
POA2583,522,416,187,52,2200
POA2584,53,39,17,4,251
POA2585,18,15,10,4,128
POA2586,296,216,109,31,1395
POA2587,242,222,106,15,1273
POA2588,36,29,8,9,145
POA2590,589,620,344,93,3237
POA2594,885,708,344,109,5120
POA2619,922,386,112,25,5079
POA2620,3645,2181,822,218,24051
POA2621,691,418,163,27,3664
POA2622,538,417,228,42,2362
POA2623,47,37,14,0,286
POA2624,14,4,0,0,107
POA2625,35,16,6,5,267
POA2626,73,32,9,0,280
POA2627,484,307,105,15,2987
POA2628,259,175,61,18,1210
POA2629,81,58,40,10,312
POA2630,886,611,357,128,4676
POA2631,79,49,18,0,334
POA2632,169,141,66,22,832
POA2633,41,23,8,0,133
POA2640,3340,2440,1177,388,20420
POA2641,1087,959,465,153,7471
POA2642,527,356,111,16,2606
POA2643,228,256,104,43,1358
POA2644,238,196,67,11,1147
POA2645,46,23,3,5,147
POA2646,598,510,290,102,3112
POA2647,191,241,144,28,1220
POA2648,263,213,98,31,1278
POA2649,0,4,0,0,20
POA2650,4524,3237,1559,665,29830
POA2651,122,68,20,8,1479
POA2652,422,297,83,28,2185
POA2653,214,193,97,30,1260
POA2655,119,100,35,8,616
POA2656,130,93,51,17,594
POA2658,128,94,56,17,643
POA2659,90,41,28,6,391
POA2660,124,107,66,19,695
POA2661,0,3,0,0,160
POA2663,386,267,124,38,2715
POA2665,129,161,57,19,829
POA2666,455,372,178,68,2437
POA2668,39,29,11,3,172
POA2669,128,86,36,7,635
POA2671,272,198,117,51,1733
POA2672,85,67,32,5,541
POA2675,101,63,17,13,740
POA2678,0,0,0,0,118
POA2680,1555,975,472,248,10863
POA2681,126,70,36,7,766
POA2700,364,285,150,58,2028
POA2701,182,166,64,30,1122
POA2702,66,50,25,8,339
POA2703,32,37,6,0,216
POA2705,726,457,247,91,4468
POA2706,68,54,25,6,422
POA2707,94,58,19,6,497
POA2710,846,588,323,106,4409
POA2711,302,163,95,28,1364
POA2712,114,113,59,47,650
POA2713,261,193,115,59,1317
POA2714,258,322,175,51,1385
POA2715,111,61,22,15,539
POA2716,85,74,27,13,449
POA2717,89,63,33,8,495
POA2720,708,479,288,111,3825
POA2721,14,10,4,0,84
POA2722,258,211,104,29,1458
POA2725,31,31,20,5,155
POA2726,30,12,11,0,125
POA2727,32,28,7,0,147
POA2729,155,100,48,8,722
POA2730,134,94,45,15,570
POA2731,563,545,311,92,3406
POA2732,187,153,72,28,839
POA2733,57,37,21,9,279
POA2734,48,29,21,0,231
POA2735,30,20,12,0,159
POA2736,28,21,11,6,199
POA2737,49,48,11,4,331
POA2738,153,99,31,11,959
POA2739,98,53,27,6,653
POA2745,2136,1119,377,71,14778
POA2747,2502,1759,712,230,24886
POA2748,171,82,48,9,796
POA2749,1174,577,211,33,7566
POA2750,3078,2471,1315,570,24172
POA2752,401,195,71,8,2582
POA2753,1370,894,498,257,8699
POA2754,455,431,252,87,3465
POA2756,2716,1512,624,126,16595
POA2757,82,52,26,5,436
POA2758,976,640,245,52,4816
POA2759,2077,1162,262,66,11582
POA2760,1788,1120,541,220,15823
POA2761,2304,1083,301,133,15841
POA2762,692,356,79,9,11746
POA2763,2056,1275,358,74,17286
POA2765,1949,1207,416,84,23802
POA2766,1145,724,345,352,8146
POA2767,1652,1079,342,75,11458
POA2768,2133,1129,363,60,16015
POA2769,652,444,217,63,8482
POA2770,2996,1898,792,156,22512
POA2773,723,575,240,66,3514
POA2774,1247,1050,467,97,7315
POA2775,235,141,69,5,901
POA2776,439,332,118,27,2321
POA2777,1833,1533,732,347,10115
POA2778,328,239,67,21,1461
POA2779,513,394,174,30,2847
POA2780,1634,1590,710,222,8183
POA2782,767,817,373,132,3883
POA2783,352,216,82,17,1518
POA2784,168,110,45,3,776
POA2785,698,623,315,69,3074
POA2786,151,160,69,14,741
POA2787,417,401,171,48,2278
POA2790,1426,1173,614,165,7586
POA2791,39,32,22,8,175
POA2792,44,22,21,3,195
POA2793,104,125,54,3,522
POA2794,814,763,347,124,4638
POA2795,3770,2814,1348,452,22998
POA2797,29,31,27,6,205
POA2798,227,182,69,9,1199
POA2799,339,238,92,32,1822
POA2800,3580,2782,1356,476,23798
POA2803,35,31,10,3,139
POA2804,270,210,112,35,1365
POA2805,34,30,13,0,183
POA2806,82,79,28,11,398
POA2807,42,32,8,0,185
POA2808,34,25,10,0,112
POA2809,31,13,6,0,98
POA2810,260,246,139,55,1414
POA2817,44,32,6,0,180
POA2818,81,64,28,8,431
POA2820,575,418,249,79,3693
POA2821,333,253,156,58,2097
POA2822,53,32,5,0,214
POA2823,97,74,46,21,554
POA2824,161,112,73,48,859
POA2825,155,77,65,28,914
POA2826,11,5,7,0,80
POA2827,292,212,132,42,1581
POA2828,83,38,12,10,334
POA2829,186,129,74,19,1182
POA2830,3182,2098,1105,380,21803
POA2831,176,104,36,13,845
POA2832,212,148,38,9,1146
POA2833,50,38,11,6,262
POA2834,214,172,111,26,980
POA2835,284,170,75,20,1742
POA2836,61,48,16,3,372
POA2838,16,10,0,0,82
POA2839,80,33,9,3,393
POA2840,158,101,51,10,1074
POA2842,58,61,25,4,310
POA2843,99,95,58,18,594
POA2844,103,90,65,9,572
POA2845,136,127,50,7,847
POA2846,34,32,11,5,142
POA2847,223,193,76,12,1125
POA2848,132,116,91,23,636
POA2849,192,171,80,19,861
POA2850,1648,1116,581,171,9459
POA2852,292,250,101,31,1697
POA2864,67,58,29,9,398
POA2865,64,59,25,3,426
POA2866,277,192,102,43,1489
POA2867,52,46,22,3,260
POA2868,49,24,24,5,224
POA2869,158,106,49,22,698
POA2870,860,578,295,108,5198
POA2871,681,499,317,102,4008
POA2873,60,32,11,16,255
POA2874,34,23,14,8,177
POA2875,64,62,22,14,354
POA2876,36,36,9,3,215
POA2877,241,143,85,34,1448
POA2878,25,10,0,0,123
POA2879,50,44,20,3,246
POA2880,1431,1023,461,217,7822
POA2898,56,43,25,4,269
POA3000,1300,678,244,34,32672
POA3002,541,511,246,85,3832
POA3003,347,170,57,6,5923
POA3004,866,776,484,182,8827
POA3006,1028,651,255,40,17699
POA3008,895,487,147,16,11842
POA3011,1235,635,267,168,14212
POA3012,1388,686,288,178,15377
POA3013,1128,459,152,74,9029
POA3015,1445,673,229,155,10490
POA3016,1913,1185,468,137,9164
POA3018,1028,699,361,137,7302
POA3019,390,253,75,27,4528
POA3020,2025,1260,631,253,19356
POA3021,2416,1847,915,449,21808
POA3022,130,99,46,17,1525
POA3023,3104,1747,687,205,28777
POA3024,1194,660,198,41,16104
POA3025,514,293,246,117,5771
POA3026,312,120,41,5,3677
POA3027,341,181,25,0,5398
POA3028,1890,1084,342,110,13611
POA3029,4917,2742,943,188,63609
POA3030,5762,3305,1268,436,58769
POA3031,1091,683,210,88,11189
POA3032,2148,1252,421,103,17859
POA3033,980,650,499,113,7149
POA3034,743,620,401,180,5785
POA3036,530,399,211,90,2970
POA3037,2922,1335,499,151,22740
POA3038,2365,1343,459,108,12255
POA3039,1377,860,301,127,9889
POA3040,2462,1461,577,257,15505
POA3041,1073,758,300,108,7007
POA3042,1119,718,357,130,8355
POA3043,1010,842,479,125,8112
POA3044,1906,897,395,277,15664
POA3045,11,4,0,0,54
POA3046,1815,944,633,439,19147
POA3047,837,432,240,85,8486
POA3048,756,376,184,44,6190
POA3049,743,420,187,66,4507
POA3051,830,515,203,60,10121
POA3052,341,276,187,71,4305
POA3053,573,499,312,139,11136
POA3054,680,608,280,72,5846
POA3055,945,565,209,86,9410
POA3056,1522,867,295,90,16966
POA3057,709,382,133,36,9560
POA3058,2217,1172,426,201,19655
POA3059,1383,663,164,19,9584
POA3060,601,344,166,85,6350
POA3061,189,120,77,9,1661
POA3062,0,0,0,0,3
POA3063,58,21,10,5,277
POA3064,4261,1799,543,160,48542
POA3065,824,473,201,58,7301
POA3066,458,244,87,17,6517
POA3067,510,333,142,30,6779
POA3068,1591,1269,568,151,13323
POA3070,2052,1109,405,149,16104
POA3071,1312,666,267,191,11596
POA3072,2070,1037,360,185,19116
POA3073,2727,1621,885,489,26272
POA3074,847,601,294,83,7945
POA3075,878,572,303,82,9239
POA3076,1660,934,517,329,15216
POA3078,1193,683,208,46,7677
POA3079,1820,1275,543,190,10572
POA3081,939,518,190,65,7565
POA3082,2352,1336,403,131,13955
POA3083,2057,1255,750,286,16387
POA3084,2436,1765,1015,414,15695
POA3085,1037,767,390,185,7795
POA3087,650,457,255,73,4827
POA3088,2191,1781,816,279,14633
POA3089,1193,637,225,47,6645
POA3090,236,122,60,35,1253
POA3091,200,104,64,10,854
POA3093,365,293,164,39,2185
POA3094,777,687,338,61,5132
POA3095,3074,2307,830,194,15940
POA3096,202,103,58,16,1016
POA3097,191,136,56,4,898
POA3099,586,406,145,27,2839
POA3101,2583,1897,1055,491,15325
POA3102,720,444,223,83,3853
POA3103,1538,1199,730,346,9292
POA3104,2298,1368,731,282,11939
POA3105,970,578,409,134,5870
POA3106,1740,1329,760,281,9378
POA3107,1130,796,706,259,7665
POA3108,1882,1392,995,441,14403
POA3109,2491,1793,1168,377,16794
POA3111,1171,851,551,251,6964
POA3113,1014,638,250,49,4818
POA3114,436,266,123,33,2057
POA3115,461,266,103,28,2044
POA3116,859,626,350,64,5918
POA3121,2014,1225,510,131,21936
POA3122,1798,1374,758,251,15174
POA3123,1253,902,526,179,9870
POA3124,2372,1751,981,565,13597
POA3125,1044,648,412,256,9024
POA3126,905,722,429,195,4747
POA3127,2066,1605,667,256,11511
POA3128,1554,1042,613,389,13893
POA3129,1526,984,500,165,10219
POA3130,2870,1854,1126,569,18777
POA3131,1645,1172,802,458,12981
POA3132,1276,850,423,123,9556
POA3133,1844,1573,966,411,12679
POA3134,2787,1852,1008,417,18934
POA3135,1636,1177,643,242,11367
POA3136,3527,2559,1471,559,24175
POA3137,1060,681,403,162,7178
POA3138,1548,1110,509,152,11391
POA3139,1231,772,311,56,7021
POA3140,1357,897,503,151,8709
POA3141,1636,1252,718,207,18847
POA3142,1409,1340,862,308,8664
POA3143,738,686,424,119,6374
POA3144,1101,907,604,258,6818
POA3145,2141,1468,707,326,14360
POA3146,2678,1727,914,279,16095
POA3147,1379,874,456,232,8626
POA3148,571,352,169,49,5621
POA3149,3158,1904,1256,556,20438
POA3150,5329,4164,2877,1335,35771
POA3151,810,553,453,131,6014
POA3152,2919,2325,1089,556,18897
POA3153,1326,911,559,378,11141
POA3154,361,236,129,60,2337
POA3155,1573,1266,646,206,12446
POA3156,3168,1978,902,281,19771
POA3158,687,483,141,22,3821
POA3159,248,187,56,9,1475
POA3160,901,611,175,44,5073
POA3161,1357,1407,564,307,10827
POA3162,1653,1492,654,366,10969
POA3163,2480,1699,808,325,21163
POA3165,2378,1442,600,283,16172
POA3166,1784,859,356,143,14009
POA3167,737,456,191,88,5187
POA3168,780,487,304,267,13788
POA3169,1097,785,404,188,10659
POA3170,1293,918,596,199,10247
POA3171,789,541,329,174,9163
POA3172,1318,1027,547,186,9601
POA3173,1426,977,431,136,12836
POA3174,1815,1329,721,245,17409
POA3175,2631,1913,1004,384,23330
POA3177,500,369,210,76,4787
POA3178,3177,1623,750,223,17274
POA3179,486,304,131,27,3156
POA3180,573,420,268,61,4017
POA3181,1221,840,469,314,14169
POA3182,2057,1204,455,107,16537
POA3183,1205,828,325,110,11668
POA3184,1429,769,262,69,10492
POA3185,1174,853,385,144,8369
POA3186,2744,2155,1314,578,14168
POA3187,1707,1166,738,517,9492
POA3188,2128,1260,622,164,10793
POA3189,463,286,169,55,3480
POA3190,935,588,299,131,6857
POA3191,1259,924,512,262,6575
POA3192,1786,1159,646,398,13188
POA3193,2427,1826,980,336,11618
POA3194,1091,800,476,197,7620
POA3195,3305,1998,936,381,20009
POA3196,2097,1396,713,303,14562
POA3197,1084,805,315,100,6303
POA3198,1202,891,479,160,8939
POA3199,4408,3281,1807,772,29386
POA3200,366,210,136,53,2554
POA3201,1284,776,352,190,10346
POA3202,211,156,66,11,1474
POA3204,2975,1715,755,283,19236
POA3205,987,612,327,177,7874
POA3206,1150,796,439,111,6071
POA3207,1654,1096,507,89,11238
POA3211,138,66,27,3,643
POA3212,1156,840,343,92,8828
POA3213,402,191,81,17,2235
POA3214,1262,890,431,139,9593
POA3215,1442,1171,582,297,10918
POA3216,4357,3516,2059,844,32782
POA3217,895,583,201,46,10957
POA3218,1143,728,291,79,8442
POA3219,1509,1090,543,206,10169
POA3220,1698,1291,560,158,10222
POA3221,95,67,18,4,445
POA3222,1681,1586,763,213,9517
POA3223,1167,1308,582,174,5320
POA3224,1129,992,690,235,7632
POA3225,694,950,534,167,3498
POA3226,1698,1605,644,260,9888
POA3227,633,627,253,59,3232
POA3228,2046,1730,716,251,13663
POA3230,412,487,217,56,2061
POA3231,297,253,100,24,1100
POA3232,172,201,81,40,855
POA3233,267,313,120,35,1388
POA3234,33,37,4,0,138
POA3235,84,48,10,0,313
POA3236,49,24,7,0,152
POA3237,50,24,6,0,171
POA3238,53,16,3,0,154
POA3239,56,52,9,0,255
POA3240,222,126,51,9,1122
POA3241,278,216,88,52,1619
POA3242,104,87,18,5,496
POA3243,35,57,14,4,237
POA3249,352,254,82,15,1615
POA3250,801,726,395,154,5386
POA3251,46,45,10,0,251
POA3254,39,9,3,0,165
POA3260,383,349,182,63,2183
POA3264,211,138,70,32,1006
POA3265,267,125,40,13,1306
POA3266,237,134,87,40,1275
POA3267,29,14,4,0,96
POA3268,214,151,55,24,1160
POA3269,53,52,17,0,350
POA3270,38,38,16,0,171
POA3271,25,15,3,3,88
POA3272,135,113,56,20,739
POA3273,18,10,4,0,68
POA3274,23,21,8,0,117
POA3275,29,15,4,3,220
POA3276,43,26,0,0,193
POA3277,144,106,34,7,847
POA3278,29,16,4,0,169
POA3279,18,13,5,0,130
POA3280,2585,1934,1010,432,16305
POA3281,160,111,32,0,911
POA3282,226,186,75,18,1251
POA3283,150,92,23,4,691
POA3284,375,447,206,91,2141
POA3285,128,98,33,0,639
POA3286,50,43,12,0,238
POA3287,29,12,6,0,183
POA3289,83,58,24,8,353
POA3292,25,35,3,5,107
POA3293,36,35,13,0,176
POA3294,82,108,33,16,519
POA3300,807,713,388,183,4900
POA3301,140,116,29,3,636
POA3302,36,22,12,3,181
POA3303,21,6,5,3,136
POA3304,231,199,60,30,1177
POA3305,1168,942,388,124,6096
POA3309,10,14,10,0,59
POA3310,47,24,12,0,131
POA3311,168,148,84,33,750
POA3312,98,93,24,4,495
POA3314,52,50,15,5,295
POA3315,175,123,48,22,780
POA3317,24,16,4,0,97
POA3318,120,108,40,23,575
POA3319,49,25,12,0,198
POA3321,172,93,33,3,935
POA3322,25,17,4,0,86
POA3323,12,12,0,0,48
POA3324,61,37,14,7,251
POA3325,49,30,21,4,216
POA3328,173,119,33,9,1149
POA3329,38,18,4,0,157
POA3330,12,12,3,3,88
POA3331,419,325,159,65,3463
POA3332,109,44,17,0,574
POA3333,95,62,21,5,451
POA3334,60,38,16,0,280
POA3335,191,100,27,4,3101
POA3336,426,185,45,4,8566
POA3337,2095,1399,530,88,16896
POA3338,1305,941,334,100,15860
POA3340,1610,1237,553,136,12094
POA3341,173,92,34,7,849
POA3342,346,236,117,39,1943
POA3345,158,83,29,0,708
POA3350,5063,4018,1902,748,34483
POA3351,812,593,199,22,4419
POA3352,1611,1123,374,47,9114
POA3355,819,749,529,236,5887
POA3356,893,793,429,170,6858
POA3357,390,360,129,29,2050
POA3358,125,77,38,4,1650
POA3360,60,71,32,3,386
POA3361,78,44,27,9,325
POA3363,334,312,162,70,1852
POA3364,234,231,62,15,1223
POA3370,205,172,76,16,941
POA3371,163,122,39,11,559
POA3373,215,204,77,36,1144
POA3374,54,59,17,3,253
POA3375,26,11,6,0,102
POA3377,761,602,302,93,4171
POA3378,7,11,0,0,69
POA3379,87,73,32,9,374
POA3380,467,444,245,116,2824
POA3381,189,146,43,15,835
POA3384,71,47,24,4,305
POA3385,58,73,15,3,289
POA3387,18,18,5,0,130
POA3388,71,40,20,14,290
POA3390,80,63,31,13,403
POA3391,20,10,0,0,67
POA3392,63,46,24,20,275
POA3393,221,187,121,56,1198
POA3395,39,23,11,3,161
POA3396,52,47,23,8,259
POA3400,988,799,419,188,6845
POA3401,468,260,100,17,2201
POA3407,35,26,22,7,191
POA3409,113,55,28,34,505
POA3412,17,20,15,0,106
POA3413,13,4,8,3,79
POA3414,137,120,56,28,742
POA3415,5,0,0,0,23
POA3418,233,122,81,50,1237
POA3419,65,60,26,10,387
POA3420,11,16,8,0,122
POA3423,62,35,13,17,202
POA3424,69,54,26,21,325
POA3427,293,185,50,11,2892
POA3428,59,41,13,5,315
POA3429,2964,1898,793,251,19315
POA3430,30,10,5,0,137
POA3431,462,312,133,9,2350
POA3432,27,13,0,0,88
POA3433,19,12,9,0,110
POA3434,504,314,141,25,3074
POA3435,299,229,79,14,1640
POA3437,1035,670,311,125,5974
POA3438,201,138,94,22,1294
POA3440,227,198,62,10,1156
POA3441,208,168,62,13,881
POA3442,873,744,349,71,4771
POA3444,968,871,396,126,5382
POA3446,136,106,34,3,643
POA3447,80,61,23,0,334
POA3448,117,123,43,10,563
POA3450,766,835,548,272,4378
POA3451,667,540,226,52,3265
POA3453,232,180,77,15,1030
POA3458,347,299,140,34,1475
POA3460,406,322,130,60,1669
POA3461,608,561,184,35,2748
POA3462,148,158,48,4,688
POA3463,373,375,167,25,1535
POA3464,95,102,35,0,527
POA3465,756,808,463,129,4359
POA3467,88,141,43,20,606
POA3468,27,38,15,0,136
POA3469,40,32,21,5,148
POA3472,152,127,78,16,657
POA3475,42,41,18,0,168
POA3477,107,79,39,3,415
POA3478,195,212,127,59,1126
POA3480,179,111,62,22,794
POA3482,24,13,9,3,90
POA3483,69,54,26,5,411
POA3485,29,23,6,8,132
POA3487,7,6,3,0,38
POA3488,14,0,5,0,36
POA3489,0,4,0,0,21
POA3490,102,84,57,34,588
POA3491,14,12,3,0,63
POA3494,49,24,8,0,246
POA3496,512,325,136,32,2807
POA3498,407,277,131,29,2640
POA3500,2210,1652,806,349,15231
POA3501,168,77,37,10,956
POA3505,400,231,110,30,2161
POA3506,0,0,0,0,10
POA3507,19,24,4,0,90
POA3509,12,11,6,5,82
POA3512,30,18,10,0,139
POA3515,151,118,39,5,1152
POA3516,78,53,23,7,349
POA3517,138,113,37,33,660
POA3518,155,115,63,10,618
POA3520,23,10,12,4,62
POA3521,61,53,18,11,396
POA3522,39,28,14,4,168
POA3523,465,386,230,65,2043
POA3525,146,118,59,35,649
POA3527,83,40,26,23,332
POA3529,10,6,0,0,44
POA3530,18,16,4,0,65
POA3531,14,15,0,5,87
POA3533,54,57,14,8,309
POA3537,106,94,46,37,531
POA3540,25,22,8,3,99
POA3542,4,11,6,0,46
POA3544,19,25,12,3,101
POA3546,35,21,12,5,150
POA3549,188,152,54,29,1393
POA3550,3377,2713,1421,660,21761
POA3551,2799,1930,722,131,17245
POA3555,1400,1249,830,419,9988
POA3556,964,788,336,106,6225
POA3557,90,49,27,5,438
POA3558,81,55,52,12,444
POA3559,61,39,30,3,267
POA3561,375,260,165,76,1940
POA3562,33,21,11,0,139
POA3563,75,51,23,10,360
POA3564,1355,1012,542,232,7902
POA3565,12,8,3,0,61
POA3566,38,36,20,0,228
POA3567,49,29,15,4,242
POA3568,206,227,108,36,1248
POA3570,108,70,24,6,427
POA3571,22,17,11,6,140
POA3572,12,8,3,0,67
POA3573,25,30,6,0,156
POA3575,69,53,21,3,377
POA3576,3,7,0,0,24
POA3579,460,408,168,72,2389
POA3580,90,87,38,5,453
POA3581,15,6,11,0,64
POA3583,11,4,8,0,78
POA3584,93,59,39,8,537
POA3585,703,506,301,134,4952
POA3586,94,49,3,0,352
POA3588,26,21,4,0,153
POA3589,22,19,6,3,146
POA3590,35,23,4,0,162
POA3591,14,11,0,0,67
POA3594,43,25,11,5,231
POA3595,64,24,11,3,269
POA3596,8,7,5,0,49
POA3597,38,23,7,0,187
POA3599,28,15,0,0,76
POA3607,19,8,0,0,81
POA3608,270,252,111,56,1371
POA3610,141,118,52,12,696
POA3612,231,149,70,28,869
POA3614,77,53,11,0,454
POA3616,433,306,188,61,2615
POA3617,15,11,4,0,67
POA3618,57,46,10,3,310
POA3620,638,522,269,127,3671
POA3621,168,143,57,27,1036
POA3622,49,42,5,4,237
POA3623,64,76,26,13,385
POA3624,44,25,16,5,219
POA3629,659,523,297,133,4279
POA3630,1922,1445,812,362,13905
POA3631,1036,642,291,109,6546
POA3633,63,29,6,0,277
POA3634,164,103,34,11,869
POA3635,52,37,9,0,251
POA3636,448,324,190,59,2443
POA3637,43,23,11,3,272
POA3638,184,150,63,24,974
POA3639,57,42,17,0,213
POA3640,68,53,14,0,469
POA3641,87,59,26,9,533
POA3644,629,598,317,113,3911
POA3646,62,50,18,4,303
POA3647,0,0,0,0,25
POA3649,49,32,9,0,226
POA3658,501,320,131,36,2882
POA3659,93,65,24,4,418
POA3660,700,515,258,86,3634
POA3662,9,0,0,0,470
POA3663,25,19,9,0,100
POA3664,111,103,48,12,587
POA3665,42,44,13,0,198
POA3666,511,560,247,78,2622
POA3669,185,190,81,40,834
POA3670,73,63,11,0,289
POA3672,967,885,556,210,5333
POA3673,257,180,70,7,996
POA3675,224,189,59,10,1070
POA3677,1402,1184,740,328,9189
POA3678,753,564,188,43,3464
POA3682,55,36,14,3,312
POA3683,193,143,81,10,911
POA3685,308,244,108,34,1467
POA3687,79,92,28,14,491
POA3688,151,90,29,4,684
POA3690,2537,1988,891,239,16690
POA3691,1032,696,280,84,6542
POA3695,53,51,6,0,256
POA3697,89,57,17,3,315
POA3698,120,129,67,17,626
POA3699,97,104,42,12,737
POA3700,142,101,56,44,703
POA3701,144,113,47,3,580
POA3704,7,4,0,0,18
POA3705,37,23,5,4,147
POA3707,183,140,81,35,900
POA3708,14,3,0,0,39
POA3709,46,60,15,4,172
POA3711,79,73,22,15,349
POA3712,45,33,15,0,174
POA3713,122,87,52,30,524
POA3714,355,370,163,63,1885
POA3715,51,55,14,0,216
POA3717,417,370,188,34,1915
POA3718,15,18,8,0,57
POA3719,60,46,22,6,221
POA3720,74,76,25,0,354
POA3722,571,497,237,92,3023
POA3723,462,383,112,25,2054
POA3725,68,70,19,4,325
POA3726,44,44,15,0,214
POA3727,35,24,19,0,153
POA3728,65,35,16,5,282
POA3730,721,796,466,155,4419
POA3732,59,60,20,3,311
POA3733,32,21,4,3,119
POA3735,79,43,15,5,326
POA3737,398,349,165,74,2141
POA3738,20,15,6,0,106
POA3739,41,27,3,0,139
POA3740,120,83,41,3,630
POA3741,370,307,166,42,2039
POA3744,63,45,21,5,289
POA3746,52,38,16,4,219
POA3747,596,563,213,64,2904
POA3749,291,215,104,24,1216
POA3750,570,329,81,14,11421
POA3751,6,16,8,3,73
POA3752,1362,686,274,105,11640
POA3753,199,108,27,4,2117
POA3754,2041,1299,467,54,23902
POA3755,25,21,9,0,141
POA3756,906,474,175,28,7113
POA3757,781,582,214,90,4749
POA3758,218,133,44,3,1168
POA3759,149,98,32,11,633
POA3760,57,34,6,0,202
POA3761,140,110,47,0,679
POA3762,22,7,3,0,62
POA3763,185,116,25,4,920
POA3764,758,573,297,103,5002
POA3765,554,418,213,128,3595
POA3766,127,95,45,3,751
POA3767,155,122,59,10,754
POA3770,277,187,99,19,1634
POA3775,391,303,145,38,2149
POA3777,1090,786,414,152,5710
POA3778,23,21,6,0,104
POA3779,58,77,33,6,297
POA3781,391,202,52,14,2321
POA3782,774,563,221,52,4223
POA3783,246,151,71,6,1335
POA3785,8,10,0,0,39
POA3786,192,135,49,9,910
POA3787,112,104,29,6,556
POA3788,205,175,56,8,1061
POA3789,35,33,16,3,184
POA3791,163,170,66,5,855
POA3792,119,110,33,5,593
POA3793,284,246,93,24,1872
POA3795,105,64,31,5,630
POA3796,776,519,244,31,4934
POA3797,307,285,123,34,1812
POA3799,589,447,194,49,3063
POA3802,1975,1343,427,123,11769
POA3803,681,452,221,121,4844
POA3804,796,466,183,85,4102
POA3805,3723,1695,668,168,26160
POA3806,3603,2099,1127,401,25573
POA3807,627,307,140,34,3761
POA3808,341,204,75,19,1647
POA3809,788,524,151,14,10100
POA3810,2500,1682,1019,386,25527
POA3812,245,160,37,18,1249
POA3813,115,45,29,3,507
POA3814,219,145,76,13,1234
POA3815,293,167,121,34,1739
POA3816,254,152,78,14,1494
POA3818,1258,1111,536,139,8175
POA3820,1576,1248,688,214,10135
POA3821,374,253,85,12,1657
POA3822,90,57,22,0,483
POA3823,206,199,57,12,1049
POA3824,382,393,184,78,2598
POA3825,1706,1376,678,225,9683
POA3831,209,197,85,26,1062
POA3832,31,20,9,0,118
POA3833,55,38,18,0,190
POA3835,42,36,5,0,209
POA3840,1363,1006,495,252,7685
POA3842,379,303,145,20,2248
POA3844,2384,1748,888,336,15215
POA3847,191,155,70,12,1105
POA3850,1129,944,486,217,7468
POA3851,612,517,158,26,2841
POA3852,3,0,0,0,156
POA3854,142,77,36,5,731
POA3856,106,75,8,0,521
POA3857,34,37,6,3,186
POA3858,240,244,108,41,1437
POA3859,93,58,35,4,453
POA3860,653,549,212,53,3533
POA3862,310,277,94,12,1755
POA3864,31,26,9,0,116
POA3865,46,34,18,4,227
POA3869,196,138,49,13,909
POA3870,192,115,47,5,732
POA3871,310,279,101,30,1574
POA3873,37,27,4,0,163
POA3874,68,72,24,4,303
POA3875,1646,1508,829,293,9487
POA3878,171,171,67,23,721
POA3880,477,666,384,98,2309
POA3882,136,101,50,15,634
POA3885,195,141,54,16,948
POA3886,32,33,19,3,194
POA3887,36,26,12,0,148
POA3888,394,324,163,45,1680
POA3889,24,41,13,4,102
POA3890,44,17,13,3,158
POA3891,19,17,8,0,68
POA3892,167,172,80,21,694
POA3893,3,6,0,0,20
POA3895,20,15,10,7,97
POA3896,38,24,14,0,171
POA3898,79,70,28,9,413
POA3900,14,22,9,5,82
POA3902,43,47,28,3,214
POA3903,70,87,42,4,431
POA3904,283,327,125,19,1119
POA3909,793,967,471,115,4298
POA3910,1756,1105,472,121,11561
POA3911,305,163,85,17,1707
POA3912,1349,832,382,166,7619
POA3913,341,217,101,20,1762
POA3915,734,678,401,125,4975
POA3916,162,170,77,13,649
POA3918,418,322,158,24,2128
POA3919,263,181,68,13,1617
POA3920,9,0,0,0,559
POA3921,13,13,5,0,68
POA3922,1121,1093,520,190,5428
POA3923,127,158,47,3,502
POA3925,534,436,166,58,2582
POA3926,422,407,216,68,2063
POA3927,259,285,131,19,1184
POA3928,82,65,23,8,292
POA3929,188,216,134,28,786
POA3930,1911,1509,941,294,10190
POA3931,2111,2191,1613,731,13672
POA3933,108,89,37,15,522
POA3934,1851,1571,947,311,10515
POA3936,1301,1213,727,176,7001
POA3937,253,254,73,24,1037
POA3938,382,424,223,52,1906
POA3939,1419,1343,781,287,8022
POA3940,303,414,391,323,2532
POA3941,1420,1261,592,213,7357
POA3942,342,453,219,50,1689
POA3943,260,413,228,43,1328
POA3944,118,175,131,21,532
POA3945,132,112,29,7,566
POA3946,43,29,3,3,158
POA3950,430,359,190,62,2401
POA3951,111,109,30,3,537
POA3953,624,603,330,83,3777
POA3954,61,32,14,4,204
POA3956,364,312,125,24,1608
POA3957,33,17,16,0,140
POA3958,29,21,7,4,139
POA3959,144,153,54,9,671
POA3960,323,341,166,63,1490
POA3962,88,107,38,10,480
POA3964,20,16,8,0,93
POA3965,33,33,11,3,119
POA3966,42,54,20,4,258
POA3967,10,6,3,0,46
POA3971,408,433,167,56,2017
POA3975,803,356,122,53,8381
POA3976,1568,749,262,52,10741
POA3977,5433,3063,1317,409,52149
POA3978,1224,626,241,34,21234
POA3979,34,35,8,0,194
POA3980,260,201,66,19,1648
POA3981,292,213,111,51,2283
POA3984,649,537,238,49,3555
POA3987,138,74,27,6,769
POA3988,103,67,31,7,521
POA3990,18,15,10,0,63
POA3991,41,36,12,0,200
POA3992,122,116,19,4,651
POA3995,1045,1032,517,167,5591
POA3996,684,774,396,109,3607
POA4000,1367,800,289,58,14656
POA4005,1745,1099,442,158,12665
POA4006,1113,642,355,136,18028
POA4007,1503,917,440,135,9750
POA4008,29,25,3,0,234
POA4009,0,0,0,0,0
POA4010,199,130,106,56,2369
POA4011,1380,807,410,116,9466
POA4012,1599,914,363,151,13890
POA4013,317,182,67,13,2820
POA4014,820,510,220,169,7081
POA4017,3092,1961,839,301,19417
POA4018,801,599,481,239,7428
POA4019,1983,1536,652,177,10573
POA4020,2629,2349,1147,363,13478
POA4021,637,579,331,174,4439
POA4022,448,373,363,219,3387
POA4025,26,28,8,0,228
POA4030,1213,626,274,109,11798
POA4031,975,496,170,76,8316
POA4032,1056,745,622,455,10384
POA4034,3232,2238,1402,732,24545
POA4035,2506,1445,658,212,14565
POA4036,407,252,98,31,3354
POA4037,688,351,115,20,4155
POA4051,2115,1139,446,130,17723
POA4053,3268,2046,962,344,26320
POA4054,896,666,374,145,7332
POA4055,1645,1128,471,120,11925
POA4059,824,438,167,43,8698
POA4060,1252,721,275,84,7759
POA4061,1659,1171,656,152,9887
POA4064,963,527,198,39,8086
POA4065,934,584,225,96,6064
POA4066,1304,977,451,102,12495
POA4067,664,622,375,87,7125
POA4068,1852,1442,799,277,16117
POA4069,3620,2680,1540,607,21176
POA4070,1143,730,362,78,6684
POA4073,908,604,331,146,5276
POA4074,2213,1708,696,180,13509
POA4075,1943,1347,738,293,14699
POA4076,306,188,70,15,2859
POA4077,1458,871,556,219,14051
POA4078,1830,1042,434,108,12321
POA4101,2305,1320,502,148,23973
POA4102,545,277,158,80,7261
POA4103,1022,527,172,51,9667
POA4104,648,413,291,130,4474
POA4105,1063,628,281,89,8320
POA4106,79,46,19,40,914
POA4107,409,194,99,60,3728
POA4108,315,233,150,35,3522
POA4109,2397,1955,1015,262,20293
POA4110,696,374,164,55,8001
POA4111,74,42,23,8,591
POA4112,591,337,133,26,4371
POA4113,1953,1309,556,197,16249
POA4114,1301,953,464,173,11073
POA4115,1328,821,310,102,10019
POA4116,1683,1123,382,137,14161
POA4117,87,51,11,0,1167
POA4118,2089,1125,382,94,13925
POA4119,404,230,80,10,3445
POA4120,707,392,150,43,6848
POA4121,1949,1154,503,250,14801
POA4122,3096,1882,1128,480,25790
POA4123,1384,963,459,84,11991
POA4124,1417,857,316,118,10636
POA4125,700,476,268,50,5795
POA4127,1734,1408,581,179,12988
POA4128,1322,923,271,47,8577
POA4129,390,254,100,18,3101
POA4130,774,588,194,41,4681
POA4131,597,391,127,28,5120
POA4132,1089,659,182,61,9644
POA4133,1089,752,461,155,9844
POA4151,1321,741,400,190,11400
POA4152,3899,2408,1055,391,26733
POA4153,426,226,74,28,2406
POA4154,797,421,143,31,5807
POA4155,142,105,35,12,699
POA4156,324,182,56,4,1802
POA4157,1577,1161,459,162,9928
POA4158,334,247,82,20,1976
POA4159,1215,952,512,244,7529
POA4160,2024,1308,660,214,10175
POA4161,1280,838,298,129,7935
POA4163,1677,1502,802,333,8504
POA4164,1434,865,386,145,9650
POA4165,3213,2311,1282,444,19608
POA4169,1259,844,346,101,11068
POA4170,1800,921,339,129,16628
POA4171,1699,782,271,59,10123
POA4172,306,165,35,12,2825
POA4173,626,378,193,39,4377
POA4174,172,89,28,12,1435
POA4178,2146,1473,683,339,13895
POA4179,1792,1072,555,224,10636
POA4183,271,258,120,21,1216
POA4184,1236,1317,546,92,4697
POA4205,375,441,404,274,3089
POA4207,3922,2723,1334,311,30433
POA4208,1394,762,292,61,11199
POA4209,3320,1987,727,166,34857
POA4210,1591,836,319,47,11141
POA4211,4632,3158,1563,455,31446
POA4212,3053,2354,1201,351,17816
POA4213,2623,1695,751,239,16005
POA4214,3049,2004,1171,515,20385
POA4215,4016,3219,1960,857,31525
POA4216,3793,3449,1996,591,21517
POA4217,4242,3526,1802,416,27466
POA4218,3046,2179,1029,310,20657
POA4220,2543,1985,973,408,18440
POA4221,2280,1775,826,268,15797
POA4223,1363,961,469,194,8134
POA4224,584,385,209,119,3993
POA4225,869,787,302,159,5050
POA4226,2821,2122,1338,575,19952
POA4227,1451,979,495,232,12717
POA4228,571,360,144,94,2964
POA4270,407,231,75,13,2196
POA4272,986,860,443,121,4836
POA4275,375,225,88,12,2111
POA4280,1338,748,280,54,9415
POA4285,1606,1117,488,169,9598
POA4287,90,60,23,9,364
POA4300,3294,1729,632,98,31964
POA4301,1486,804,255,55,14490
POA4303,235,135,103,38,1782
POA4304,1124,712,358,109,7809
POA4305,4193,2734,1401,574,28987
POA4306,3197,1769,613,108,21714
POA4307,134,81,29,6,708
POA4309,318,205,96,28,1538
POA4310,564,498,221,84,2794
POA4311,801,586,232,53,4505
POA4312,305,301,133,21,1319
POA4313,219,181,107,12,1016
POA4314,345,377,157,11,1495
POA4340,505,372,173,67,2875
POA4341,1191,821,364,97,6933
POA4342,223,118,49,19,1134
POA4343,651,490,228,72,5118
POA4344,241,147,60,13,1318
POA4346,83,63,31,8,515
POA4347,103,51,27,9,541
POA4350,7946,6052,3287,1148,55902
POA4352,2735,1715,687,114,15300
POA4353,32,11,10,0,157
POA4354,132,58,32,6,581
POA4355,261,260,194,104,1441
POA4356,347,261,149,125,2289
POA4357,214,142,55,20,1110
POA4358,200,141,51,10,1394
POA4359,126,86,34,3,716
POA4360,45,42,20,6,290
POA4361,195,174,91,23,1153
POA4362,215,209,87,19,1160
POA4363,59,35,12,0,275
POA4364,9,4,4,0,79
POA4365,71,61,26,0,287
POA4370,1473,1266,665,218,8488
POA4371,76,59,23,4,331
POA4372,18,11,0,0,69
POA4373,88,87,38,18,448
POA4374,47,34,11,3,189
POA4375,11,14,7,0,96
POA4376,38,35,7,3,175
POA4377,64,55,22,3,285
POA4378,34,31,20,3,248
POA4380,724,702,336,87,3793
POA4381,77,58,24,3,337
POA4382,51,62,14,0,237
POA4383,64,59,13,3,256
POA4384,0,0,4,0,24
POA4385,85,70,39,15,441
POA4387,105,71,45,10,508
POA4388,18,17,15,0,117
POA4390,435,261,139,41,2909
POA4400,142,79,30,3,974
POA4401,330,235,114,44,2256
POA4402,37,28,11,0,148
POA4403,73,45,10,5,343
POA4404,36,22,6,0,211
POA4405,839,485,222,68,6042
POA4406,136,72,33,8,747
POA4407,54,22,9,3,228
POA4408,45,34,13,4,224
POA4410,101,69,38,13,479
POA4411,24,14,0,0,121
POA4412,11,10,4,0,100
POA4413,526,311,147,57,3950
POA4415,171,111,57,26,1000
POA4416,22,12,12,0,185
POA4417,42,28,13,0,272
POA4418,0,0,0,0,36
POA4419,55,38,23,4,508
POA4420,57,41,23,3,458
POA4421,185,154,43,7,878
POA4422,33,20,11,0,197
POA4423,12,9,8,3,93
POA4424,13,14,5,0,92
POA4425,7,13,0,0,69
POA4426,15,13,0,5,81
POA4427,27,22,12,5,136
POA4428,51,21,4,0,250
POA4454,57,35,14,4,336
POA4455,562,283,131,69,4016
POA4461,0,0,0,0,13
POA4462,11,12,3,0,64
POA4465,76,73,27,8,501
POA4467,10,0,3,0,64
POA4468,29,15,3,0,108
POA4470,291,154,42,25,1388
POA4472,97,78,41,26,588
POA4474,14,0,0,0,39
POA4477,38,21,9,6,202
POA4478,43,20,10,0,191
POA4479,0,0,0,0,4
POA4480,44,25,10,8,279
POA4481,5,0,3,0,60
POA4482,0,6,0,0,62
POA4486,47,32,7,0,263
POA4487,206,109,57,27,1305
POA4488,9,12,0,0,89
POA4489,8,3,3,0,30
POA4490,102,65,33,7,556
POA4491,8,9,0,0,42
POA4492,23,9,0,0,135
POA4493,5,0,6,0,14
POA4494,13,3,0,0,78
POA4496,10,11,4,0,81
POA4497,23,7,6,0,116
POA4498,15,3,0,0,72
POA4500,3032,1875,687,156,22070
POA4501,355,247,118,44,2797
POA4502,714,382,127,20,4236
POA4503,2864,1770,843,290,24987
POA4504,1178,660,277,78,9724
POA4505,1748,1220,612,138,12286
POA4506,1600,992,427,101,11229
POA4507,2230,2780,1605,455,10530
POA4508,1288,1011,535,204,8626
POA4509,1920,1045,504,173,18664
POA4510,3567,3036,1560,528,25158
POA4511,814,923,466,83,4679
POA4512,328,233,91,24,1856
POA4514,606,465,153,46,3542
POA4515,353,281,122,30,2078
POA4516,343,225,84,18,2072
POA4517,89,61,44,12,513
POA4518,505,354,138,24,2817
POA4519,763,630,273,87,4658
POA4520,1637,1086,392,69,7944
POA4521,560,350,112,20,2825
POA4550,432,287,119,26,2481
POA4551,5663,4717,2701,1001,35364
POA4552,1229,1272,613,162,5449
POA4553,772,452,153,32,5726
POA4554,228,167,41,10,1099
POA4555,739,510,252,90,4098
POA4556,3974,3271,1928,866,25699
POA4557,1684,1171,436,115,10795
POA4558,2084,1844,974,480,13341
POA4559,714,504,205,53,3945
POA4560,3186,2623,1364,441,18958
POA4561,886,519,175,38,4428
POA4562,1084,694,250,28,4850
POA4563,1040,997,455,153,5365
POA4564,1351,1058,519,127,6512
POA4565,1593,1396,783,342,8092
POA4566,975,1089,683,190,5089
POA4567,1448,1271,560,160,7245
POA4568,467,332,137,14,2078
POA4569,247,142,52,8,989
POA4570,4370,3205,1340,337,21628
POA4571,117,69,23,6,474
POA4572,512,326,143,58,2619
POA4573,3005,2172,916,267,17347
POA4574,170,143,47,9,737
POA4575,2570,1820,1010,345,15249
POA4580,528,748,329,70,2427
POA4581,192,168,65,10,832
POA4600,97,72,37,3,397
POA4601,103,79,38,4,488
POA4605,320,273,102,28,1764
POA4606,202,164,111,30,1048
POA4608,89,80,31,0,417
POA4610,1127,875,395,113,6722
POA4611,13,6,3,0,59
POA4612,25,25,14,5,108
POA4613,73,68,30,9,367
POA4614,98,103,71,7,498
POA4615,683,657,272,60,3236
POA4620,52,34,17,6,200
POA4621,144,143,94,16,779
POA4625,208,171,76,19,1153
POA4626,131,84,52,16,864
POA4627,58,49,29,3,329
POA4630,166,152,75,30,968
POA4650,3096,2823,1168,330,15578
POA4655,6074,5992,3215,910,32319
POA4659,668,661,244,49,2513
POA4660,880,832,353,54,3776
POA4662,85,67,21,0,389
POA4670,6721,5507,3020,849,38220
POA4671,671,556,200,34,2826
POA4673,71,73,22,6,318
POA4674,221,151,48,9,760
POA4676,27,20,3,0,85
POA4677,525,361,116,21,2230
POA4678,103,55,34,4,351
POA4680,4040,2087,809,243,25407
POA4694,14,0,4,0,54
POA4695,85,70,16,8,451
POA4697,7,11,4,0,68
POA4699,25,24,12,0,166
POA4700,1290,786,462,208,8181
POA4701,2845,1776,881,397,19517
POA4702,2081,1246,487,122,12482
POA4703,2378,1555,678,189,12426
POA4704,10,9,4,0,50
POA4705,28,19,8,0,185
POA4706,5,8,0,0,32
POA4707,23,11,16,0,98
POA4709,48,6,0,0,317
POA4710,505,428,177,69,2390
POA4711,192,99,20,4,863
POA4712,18,12,5,0,102
POA4713,30,8,0,0,228
POA4714,282,250,102,24,1267
POA4715,456,244,134,60,3222
POA4716,55,36,10,0,299
POA4717,219,70,12,3,2189
POA4718,138,95,38,5,1146
POA4719,92,56,31,19,505
POA4720,907,352,110,38,6877
POA4721,251,116,46,13,1752
POA4722,103,56,30,7,733
POA4723,115,68,20,6,692
POA4724,45,18,18,7,227
POA4725,116,81,59,13,734
POA4726,26,9,4,0,137
POA4727,30,20,9,0,161
POA4728,9,12,6,0,90
POA4730,292,157,67,35,1616
POA4731,22,17,4,0,88
POA4732,8,12,0,0,66
POA4733,11,10,4,0,72
POA4735,61,52,29,3,424
POA4736,11,4,0,0,62
POA4737,623,430,182,44,3656
POA4738,90,77,20,0,481
POA4739,34,24,8,3,135
POA4740,6515,3577,1616,622,40941
POA4741,716,407,154,24,3677
POA4742,101,47,11,3,672
POA4743,31,4,3,0,316
POA4744,500,103,19,3,4930
POA4745,179,75,14,0,1459
POA4746,130,27,4,0,1193
POA4750,505,239,83,21,2881
POA4751,330,170,65,13,2063
POA4753,259,118,32,5,2081
POA4754,143,88,38,4,1102
POA4756,66,36,23,7,330
POA4757,42,26,11,3,182
POA4798,54,35,27,0,272
POA4799,97,78,34,6,434
POA4800,868,633,260,54,4801
POA4802,1047,682,220,25,7850
POA4804,185,95,40,6,994
POA4805,921,619,297,61,5054
POA4806,263,205,115,36,1549
POA4807,761,531,266,95,4658
POA4808,91,65,21,0,476
POA4809,75,61,21,6,412
POA4810,2228,1291,535,143,12799
POA4811,847,499,233,61,6211
POA4812,1556,992,491,225,9786
POA4814,3129,1922,930,291,22734
POA4815,1313,813,406,78,9074
POA4816,816,607,215,29,3939
POA4817,2206,1301,456,121,14164
POA4818,1782,1006,316,51,14811
POA4819,427,382,131,29,1536
POA4820,703,555,273,70,4479
POA4821,103,59,28,13,607
POA4822,56,32,17,3,349
POA4823,65,25,8,4,505
POA4824,228,105,36,4,1637
POA4825,1207,426,182,37,8711
POA4828,23,8,0,0,97
POA4829,33,23,8,0,229
POA4830,78,33,5,0,435
POA4849,158,165,85,26,655
POA4850,968,732,383,153,4813
POA4852,510,392,141,28,2222
POA4854,412,285,141,39,2274
POA4855,90,49,14,3,367
POA4856,68,41,24,0,324
POA4858,145,90,38,17,688
POA4859,61,37,10,4,263
POA4860,912,637,306,125,4873
POA4861,162,119,41,17,757
POA4865,697,427,165,54,4123
POA4868,1720,1217,468,95,11158
POA4869,1121,636,285,92,9146
POA4870,6141,3838,1709,577,40286
POA4871,967,689,224,40,4720
POA4872,413,317,129,30,1977
POA4873,686,492,188,42,3357
POA4874,350,98,15,5,2789
POA4875,444,168,36,9,3025
POA4876,172,61,8,0,1166
POA4877,610,469,197,47,3418
POA4878,1429,956,351,99,8155
POA4879,2402,1597,603,114,12194
POA4880,912,684,377,99,5933
POA4881,666,432,199,41,2737
POA4882,270,245,100,17,1571
POA4883,701,653,361,149,4340
POA4884,234,218,91,29,1061
POA4885,466,417,179,64,2119
POA4886,114,91,36,6,481
POA4887,240,210,105,21,1072
POA4888,305,263,95,21,1267
POA4890,59,44,18,4,480
POA4891,52,39,16,4,236
POA4892,243,91,44,3,1594
POA4895,434,312,115,13,2229
POA5000,1157,1012,418,82,12438
POA5006,588,658,395,205,4574
POA5007,590,331,117,38,4940
POA5008,936,538,175,63,7208
POA5009,347,205,97,26,2717
POA5010,276,193,100,57,2506
POA5011,917,567,206,66,7337
POA5012,491,280,124,42,4923
POA5013,682,393,139,65,4528
POA5014,897,569,230,79,5922
POA5015,574,331,91,25,3164
POA5016,864,544,215,109,4655
POA5017,341,210,109,22,2224
POA5018,603,534,155,45,2793
POA5019,1065,714,252,94,5082
POA5020,283,319,109,37,1673
POA5021,592,706,377,131,3565
POA5022,1751,1293,529,232,9058
POA5023,1043,703,412,203,8551
POA5024,1244,836,522,203,7492
POA5025,634,431,285,54,4565
POA5031,779,389,102,50,5695
POA5032,1035,684,353,129,7214
POA5033,512,297,152,93,4762
POA5034,992,830,344,111,6117
POA5035,472,350,143,78,3782
POA5037,738,480,279,199,6400
POA5038,1072,758,336,152,9791
POA5039,678,401,173,68,4897
POA5040,213,174,116,25,1193
POA5041,1292,870,389,169,7513
POA5042,692,554,344,147,6570
POA5043,1172,956,553,230,10606
POA5044,1097,903,487,221,6287
POA5045,1606,1449,695,260,9451
POA5046,667,590,291,175,5278
POA5047,547,478,245,71,4677
POA5048,1470,1336,691,296,8529
POA5049,1092,901,386,106,5894
POA5050,554,506,311,130,3417
POA5051,1502,1195,599,119,8666
POA5052,660,638,422,133,4111
POA5061,1012,934,412,81,5858
POA5062,1727,1397,636,219,9083
POA5063,1096,1013,488,234,7676
POA5064,996,909,619,310,6168
POA5065,987,995,597,259,6583
POA5066,1343,1070,607,171,7204
POA5067,1052,933,429,88,6899
POA5068,1219,1002,645,262,7479
POA5069,921,633,264,104,5063
POA5070,1103,908,510,301,8657
POA5072,1149,905,506,164,7814
POA5073,1299,783,537,180,8929
POA5074,823,617,415,218,7438
POA5075,840,608,442,179,5850
POA5076,858,629,286,53,4989
POA5081,924,815,437,199,5913
POA5082,1343,893,297,122,9291
POA5083,625,452,137,52,4358
POA5084,494,295,135,44,4844
POA5085,1117,758,378,129,12518
POA5086,1001,712,302,119,9094
POA5087,737,517,278,103,6985
POA5088,203,140,90,20,1874
POA5089,545,493,244,39,3627
POA5090,441,541,430,285,4056
POA5091,593,516,332,67,4032
POA5092,1167,1033,479,131,9123
POA5093,503,499,312,76,4476
POA5094,46,28,35,4,426
POA5095,1148,681,300,111,10604
POA5096,889,613,259,87,6089
POA5097,993,842,431,121,6878
POA5098,664,612,434,212,5978
POA5106,0,3,14,5,31
POA5107,886,556,280,101,7168
POA5108,2118,1369,538,212,15641
POA5109,1231,901,485,154,8377
POA5110,430,280,146,55,3198
POA5111,4,0,0,0,193
POA5112,1109,743,381,232,7527
POA5113,852,603,306,135,6697
POA5114,2011,1068,449,141,14551
POA5115,461,264,80,17,5111
POA5116,667,480,294,98,4648
POA5117,236,140,79,19,1757
POA5118,1616,1050,552,245,9069
POA5120,117,95,25,9,1134
POA5121,138,98,65,21,969
POA5125,1868,1017,499,178,9940
POA5126,485,467,211,37,3636
POA5127,795,506,140,46,3944
POA5131,123,91,31,3,541
POA5132,40,40,17,3,231
POA5133,58,22,12,4,206
POA5134,59,53,15,8,264
POA5136,53,41,13,0,309
POA5137,86,61,20,5,339
POA5138,54,25,4,0,205
POA5139,35,23,3,0,137
POA5140,38,33,25,0,266
POA5141,97,66,27,0,447
POA5142,66,47,14,5,300
POA5144,62,47,24,7,249
POA5150,7,7,7,0,38
POA5151,46,43,9,0,235
POA5152,705,677,307,73,3903
POA5153,860,609,196,52,3867
POA5154,401,379,142,34,2023
POA5155,397,310,101,24,2273
POA5156,106,103,22,0,578
POA5157,379,292,110,15,1721
POA5158,2285,1645,535,103,13091
POA5159,3034,2471,1022,335,17683
POA5160,3,3,0,0,12
POA5161,690,549,278,105,4823
POA5162,2406,1909,1008,277,16315
POA5163,1022,843,397,128,6698
POA5164,290,283,148,67,2251
POA5165,426,326,148,74,2916
POA5166,125,115,78,10,841
POA5167,552,417,176,91,3262
POA5168,437,305,168,37,2703
POA5169,1357,961,446,183,9648
POA5170,143,93,16,11,650
POA5171,597,522,307,94,3226
POA5172,481,370,138,29,2280
POA5173,1020,861,401,116,6348
POA5174,308,205,71,7,1541
POA5201,247,155,48,7,1213
POA5202,83,44,18,8,407
POA5203,135,150,69,17,645
POA5204,415,541,194,41,1798
POA5210,161,130,46,4,915
POA5211,1590,2123,1186,359,8446
POA5212,220,272,204,66,1183
POA5213,159,153,46,9,722
POA5214,967,1313,739,196,4888
POA5220,17,8,5,0,58
POA5221,40,48,23,0,164
POA5222,97,84,36,13,388
POA5223,362,284,136,45,1826
POA5231,154,80,37,4,684
POA5232,66,32,18,0,234
POA5233,171,114,41,44,823
POA5234,161,96,38,7,724
POA5235,265,242,73,24,1363
POA5236,38,17,5,0,163
POA5237,41,24,0,0,165
POA5238,403,459,195,49,1975
POA5240,45,46,22,0,290
POA5241,239,128,81,24,1231
POA5242,160,155,59,25,972
POA5243,107,78,28,8,481
POA5244,456,303,163,48,2379
POA5245,306,321,179,90,1834
POA5250,331,256,103,21,1963
POA5251,1271,1093,518,162,9728
POA5252,554,379,104,18,3402
POA5253,1258,987,533,195,7643
POA5254,247,152,51,10,1152
POA5255,921,812,390,109,5000
POA5256,201,196,71,17,804
POA5259,113,77,42,0,509
POA5260,134,101,66,23,729
POA5261,25,12,0,5,139
POA5262,30,23,5,5,200
POA5263,15,10,5,0,66
POA5264,106,107,50,15,572
POA5265,37,24,14,0,184
POA5266,38,22,9,10,261
POA5267,169,87,31,11,879
POA5268,203,163,82,32,1574
POA5269,15,15,0,0,112
POA5270,61,29,11,0,261
POA5271,484,362,191,63,3131
POA5272,85,53,22,3,401
POA5273,13,3,0,0,53
POA5275,193,198,82,22,1003
POA5276,141,119,57,16,663
POA5277,206,155,77,15,1175
POA5278,48,36,16,0,232
POA5279,44,40,14,0,226
POA5280,608,490,238,80,3236
POA5290,1606,1339,702,271,10827
POA5291,809,573,195,61,4516
POA5301,54,30,3,4,217
POA5302,48,41,25,11,368
POA5303,9,8,0,0,65
POA5304,73,34,23,7,366
POA5306,10,3,0,0,39
POA5307,49,35,25,7,223
POA5308,9,6,0,0,54
POA5309,8,6,3,0,53
POA5310,0,3,0,0,15
POA5311,26,20,5,0,177
POA5320,72,65,31,0,297
POA5321,55,40,9,3,192
POA5322,69,65,34,0,378
POA5330,240,232,111,37,1402
POA5331,33,34,14,3,154
POA5332,37,22,8,4,158
POA5333,403,321,173,47,2562
POA5340,119,85,32,9,639
POA5341,458,413,184,60,3121
POA5342,103,49,24,0,474
POA5343,311,287,110,63,2102
POA5344,81,51,27,6,378
POA5345,253,245,100,36,1486
POA5346,33,13,9,3,126
POA5350,60,28,6,0,273
POA5351,599,400,135,30,3083
POA5352,458,413,199,75,2622
POA5353,368,307,103,22,1851
POA5354,59,50,25,10,226
POA5355,572,506,251,80,3696
POA5356,81,55,12,0,377
POA5357,47,44,22,0,175
POA5360,138,81,16,10,632
POA5371,101,44,19,3,625
POA5372,159,107,32,13,1104
POA5373,296,242,130,49,1558
POA5374,137,96,52,7,635
POA5381,23,25,6,5,126
POA5400,85,32,6,4,509
POA5401,67,53,9,13,349
POA5410,28,11,3,0,132
POA5411,31,27,8,5,140
POA5412,110,117,62,22,528
POA5413,85,62,17,6,377
POA5414,15,15,5,0,74
POA5415,29,31,7,0,129
POA5416,20,21,9,4,108
POA5417,143,136,66,18,649
POA5418,12,5,3,0,53
POA5419,22,17,9,4,117
POA5420,3,0,9,0,34
POA5421,12,9,0,4,59
POA5422,153,131,46,15,683
POA5431,96,55,22,13,392
POA5432,11,11,3,0,54
POA5433,131,125,49,14,621
POA5434,40,31,5,0,208
POA5440,13,8,0,3,74
POA5451,96,78,26,9,369
POA5452,42,36,15,4,212
POA5453,440,354,142,51,2451
POA5454,23,20,11,0,168
POA5455,5,0,0,0,22
POA5460,40,44,12,0,277
POA5461,148,154,75,36,1010
POA5462,52,24,10,0,206
POA5464,53,36,17,0,259
POA5470,25,9,6,0,61
POA5471,9,6,6,0,40
POA5472,19,20,7,0,103
POA5473,62,54,32,3,321
POA5480,69,70,35,10,388
POA5481,70,56,17,0,230
POA5482,43,19,13,9,206
POA5483,39,20,15,4,165
POA5485,79,55,28,3,319
POA5490,23,3,12,0,77
POA5491,133,86,35,18,739
POA5493,10,7,5,0,28
POA5495,79,71,24,3,281
POA5501,584,316,119,23,3392
POA5502,131,65,43,5,717
POA5510,15,7,0,0,47
POA5520,48,33,18,5,204
POA5521,11,6,3,0,57
POA5522,141,147,71,20,620
POA5523,163,137,60,25,863
POA5540,1023,726,385,102,5855
POA5550,64,43,18,6,368
POA5552,19,22,7,0,143
POA5554,393,289,147,85,2269
POA5555,52,45,22,3,234
POA5556,416,369,200,46,1902
POA5558,452,566,289,96,2338
POA5560,27,34,22,0,179
POA5570,42,66,26,3,241
POA5571,171,214,100,31,862
POA5572,19,15,0,0,76
POA5573,222,153,84,32,984
POA5575,232,221,123,36,1074
POA5576,97,99,38,11,470
POA5577,63,43,14,6,250
POA5580,39,23,13,0,141
POA5581,60,83,38,13,269
POA5582,67,69,44,6,281
POA5583,79,120,44,7,394
POA5600,558,389,192,94,3071
POA5601,15,23,7,4,58
POA5602,112,116,47,15,626
POA5603,30,28,8,5,181
POA5604,27,15,8,0,106
POA5605,146,155,79,33,798
POA5606,1031,757,363,140,6366
POA5607,476,341,111,22,2426
POA5608,926,537,336,101,5132
POA5609,106,51,38,5,916
POA5611,4,11,5,0,45
POA5630,3,4,3,0,63
POA5631,47,39,26,8,425
POA5632,12,0,0,0,82
POA5633,18,10,0,3,105
POA5640,91,50,38,22,444
POA5641,59,48,28,13,389
POA5642,10,4,5,0,90
POA5650,9,4,0,6,72
POA5651,3,3,0,0,21
POA5652,37,38,11,11,245
POA5653,10,0,0,0,28
POA5654,22,0,3,0,76
POA5655,0,9,0,0,29
POA5660,0,0,0,0,15
POA5661,6,7,0,0,63
POA5670,46,44,9,0,219
POA5671,11,10,0,0,65
POA5680,188,164,50,26,951
POA5690,264,168,67,14,1639
POA5700,805,525,247,54,4531
POA5701,7,8,0,0,21
POA5710,173,102,46,3,1062
POA5713,0,0,0,0,5
POA5715,4,0,0,0,16
POA5717,3,3,0,0,15
POA5719,0,3,0,0,34
POA5720,34,9,0,0,161
POA5722,29,26,14,0,127
POA5723,161,159,83,18,988
POA5724,6,6,0,0,50
POA5725,204,27,3,3,1937
POA5730,14,12,0,0,59
POA5731,31,10,0,0,144
POA5732,14,14,0,0,78
POA5733,10,6,5,0,57
POA5734,10,8,0,0,43
POA5950,0,0,0,0,4
POA6000,843,435,179,46,10251
POA6003,214,132,41,5,2621
POA6004,976,641,209,44,8582
POA6005,407,268,147,49,4449
POA6006,850,489,174,79,5902
POA6007,656,504,200,128,5601
POA6008,1614,1410,709,222,10838
POA6009,1709,1620,934,335,11833
POA6010,1907,1624,1054,496,11716
POA6011,1133,880,492,188,5921
POA6012,916,746,415,128,5604
POA6014,2029,1421,742,382,13442
POA6015,872,503,404,185,4062
POA6016,804,435,139,55,6337
POA6017,222,160,66,17,2858
POA6018,3226,2315,1516,694,24452
POA6019,1970,1249,699,219,15312
POA6020,2281,2178,952,253,12874
POA6021,1444,972,555,215,10909
POA6022,336,368,175,36,2782
POA6023,1348,1275,560,133,8708
POA6024,954,975,441,69,7213
POA6025,2960,2162,815,196,17130
POA6026,2314,1590,533,283,11916
POA6027,4118,2819,979,338,23384
POA6028,2560,1105,356,84,12484
POA6029,297,245,132,39,1669
POA6030,3132,1511,885,366,19957
POA6031,1000,455,141,26,8710
POA6032,27,11,7,0,108
POA6033,44,29,3,0,203
POA6034,122,59,11,0,1734
POA6035,714,471,282,89,5079
POA6036,1006,489,172,36,8089
POA6037,349,201,83,12,1799
POA6038,441,202,65,12,4906
POA6041,141,138,75,10,736
POA6042,9,31,7,0,63
POA6043,25,38,12,0,124
POA6044,127,136,71,15,667
POA6050,1489,1107,594,321,9814
POA6051,865,692,231,39,8644
POA6052,1016,607,265,94,6639
POA6053,1223,792,358,178,8651
POA6054,1599,1054,485,125,10662
POA6055,1599,894,385,113,16125
POA6056,3043,2191,1124,473,19760
POA6057,1128,764,410,107,7653
POA6058,861,652,258,114,6176
POA6059,1911,1391,832,310,12702
POA6060,1718,1115,498,284,15323
POA6061,1965,1267,602,177,20031
POA6062,2244,1773,960,265,16909
POA6063,900,528,180,36,6323
POA6064,1817,1222,551,202,12661
POA6065,3949,2369,1106,411,32485
POA6066,1544,724,281,61,7920
POA6067,4,0,0,0,17
POA6068,0,0,0,0,3
POA6069,2401,1300,603,180,20949
POA6070,405,340,184,37,2157
POA6071,415,305,153,30,2022
POA6072,98,66,17,10,466
POA6073,320,303,156,68,1699
POA6074,96,81,33,6,508
POA6076,2174,1979,1166,404,12229
POA6077,182,154,77,17,787
POA6078,108,68,22,0,444
POA6079,0,4,0,0,12
POA6081,528,324,118,29,2590
POA6082,323,215,89,14,1736
POA6083,433,247,101,20,1914
POA6084,821,433,162,29,4370
POA6090,0,0,0,0,12
POA6100,1233,787,238,71,10036
POA6101,1137,727,285,94,10510
POA6102,590,460,470,467,8332
POA6103,671,392,160,56,6565
POA6104,1080,665,334,203,8144
POA6105,873,608,310,110,8353
POA6106,0,4,0,0,7
POA6107,2418,1424,675,207,25291
POA6108,1564,1175,549,112,10968
POA6109,675,472,242,88,5667
POA6110,2439,1619,840,393,19993
POA6111,1972,1468,630,189,11598
POA6112,3491,2083,915,233,32970
POA6121,293,148,47,8,1452
POA6122,1070,575,204,47,9612
POA6123,139,73,28,10,999
POA6124,122,50,41,6,602
POA6125,305,187,89,21,1621
POA6126,33,28,9,0,150
POA6147,969,770,330,72,7352
POA6148,1595,1285,783,287,10547
POA6149,1795,1678,660,232,10574
POA6150,1230,1148,595,284,7710
POA6151,1739,1397,596,177,10945
POA6152,2229,1793,944,572,16018
POA6153,2141,1834,812,255,12798
POA6154,944,685,446,290,6077
POA6155,4000,2506,921,216,27172
POA6156,1598,963,603,309,10068
POA6157,1328,1043,491,206,8569
POA6158,884,655,308,166,4705
POA6159,505,426,244,91,2680
POA6160,1012,767,299,58,6194
POA6161,14,3,0,0,109
POA6162,1328,915,336,87,7200
POA6163,4629,3093,1425,624,29658
POA6164,3714,1999,742,265,33637
POA6165,10,0,0,0,29
POA6166,951,611,256,51,5494
POA6167,1472,928,367,125,12406
POA6168,2078,1554,892,350,12086
POA6169,3082,1839,978,353,16888
POA6170,743,342,118,17,8383
POA6171,1758,939,518,67,17154
POA6172,990,443,219,99,5991
POA6173,826,279,105,17,5968
POA6174,295,129,60,11,2690
POA6175,287,127,56,18,1964
POA6176,114,83,15,12,958
POA6180,342,271,144,23,3098
POA6181,58,27,3,0,248
POA6182,0,0,0,0,0
POA6207,102,57,8,6,575
POA6208,913,850,501,170,5724
POA6209,167,152,88,18,900
POA6210,6204,5380,3193,1176,35557
POA6211,747,684,296,50,4079
POA6213,69,61,19,6,315
POA6214,54,47,12,4,284
POA6215,374,270,141,51,1943
POA6218,46,31,10,9,219
POA6219,64,34,12,5,273
POA6220,292,241,133,56,1924
POA6221,28,14,0,0,152
POA6223,12,0,4,0,82
POA6224,106,63,29,8,561
POA6225,695,535,249,79,3943
POA6226,96,54,7,3,458
POA6227,60,39,19,0,369
POA6228,5,5,5,6,52
POA6229,21,23,8,4,96
POA6230,3561,2523,1128,409,21802
POA6232,699,489,292,152,5193
POA6233,1654,1131,423,85,9654
POA6236,244,171,48,13,1165
POA6237,306,202,59,7,1348
POA6239,422,347,154,39,2199
POA6240,16,19,17,0,90
POA6243,3,12,0,0,35
POA6244,149,102,61,16,742
POA6251,31,23,7,0,146
POA6252,14,7,4,0,68
POA6253,82,107,38,7,403
POA6254,65,36,17,0,258
POA6255,456,501,195,32,2307
POA6256,52,36,15,0,232
POA6258,513,376,164,46,2755
POA6260,142,85,46,22,688
POA6262,109,65,23,4,373
POA6271,312,229,84,18,1617
POA6275,167,211,85,12,804
POA6280,2514,2170,1106,363,14839
POA6281,772,716,356,65,4791
POA6282,202,171,44,9,942
POA6284,240,149,45,7,1531
POA6285,914,704,219,87,5864
POA6286,103,64,17,3,475
POA6288,53,46,16,3,302
POA6290,229,262,128,40,988
POA6302,350,388,195,52,1688
POA6304,150,173,71,25,791
POA6306,69,52,23,9,388
POA6308,125,118,54,9,677
POA6309,25,33,6,3,141
POA6311,65,42,25,5,271
POA6312,349,277,144,75,2123
POA6313,19,15,8,0,102
POA6315,140,132,53,7,752
POA6316,32,40,12,0,186
POA6317,235,159,87,34,1571
POA6318,42,40,15,0,215
POA6320,45,22,7,0,214
POA6321,31,22,9,5,188
POA6322,19,21,10,3,112
POA6323,118,106,37,0,473
POA6324,344,294,122,54,1795
POA6326,48,43,9,0,245
POA6327,22,14,11,3,121
POA6328,47,20,15,0,201
POA6330,3363,2713,1326,494,18546
POA6333,783,682,333,80,3553
POA6335,65,34,8,6,304
POA6336,24,17,0,0,127
POA6337,41,15,3,0,231
POA6338,60,40,16,3,303
POA6341,10,6,3,0,93
POA6343,13,13,6,0,110
POA6346,73,26,9,0,391
POA6348,91,78,48,3,533
POA6350,25,28,11,0,150
POA6351,5,3,0,0,27
POA6352,13,9,0,0,74
POA6353,56,29,15,6,327
POA6355,24,14,5,0,184
POA6356,9,5,0,0,50
POA6357,5,7,0,0,33
POA6358,5,4,4,0,44
POA6359,28,17,12,3,181
POA6361,15,9,0,0,57
POA6363,0,0,0,0,22
POA6365,40,29,7,3,226
POA6367,25,15,10,0,123
POA6368,0,3,9,0,40
POA6369,50,23,29,20,268
POA6370,44,17,14,7,181
POA6372,11,11,5,0,39
POA6373,3,5,0,0,32
POA6375,56,56,27,16,360
POA6383,99,103,39,19,470
POA6384,0,0,0,0,9
POA6385,5,4,0,0,9
POA6386,19,9,0,0,68
POA6390,148,100,34,7,748
POA6391,72,51,30,7,470
POA6392,43,21,8,7,177
POA6393,13,5,0,0,42
POA6394,42,36,18,5,240
POA6395,113,70,50,27,639
POA6396,41,16,9,3,178
POA6397,8,7,6,0,40
POA6398,68,72,44,7,291
POA6401,651,480,217,81,3714
POA6403,28,15,3,0,78
POA6405,18,23,8,0,129
POA6407,50,37,21,10,358
POA6409,36,15,7,3,162
POA6410,78,43,40,14,365
POA6411,19,10,6,0,73
POA6412,11,5,0,0,38
POA6413,6,8,4,0,29
POA6414,10,10,4,0,40
POA6415,202,133,58,23,1197
POA6418,54,51,30,9,311
POA6419,0,0,0,0,26
POA6420,0,0,0,0,27
POA6421,6,9,0,3,78
POA6422,3,0,0,0,31
POA6423,18,13,4,0,65
POA6424,11,3,0,0,32
POA6425,7,0,0,0,40
POA6426,66,32,15,6,420
POA6427,8,3,0,0,78
POA6428,8,0,0,0,25
POA6429,99,53,14,4,466
POA6430,1369,638,227,86,10424
POA6431,47,14,3,0,377
POA6432,506,228,62,8,2994
POA6434,9,0,0,0,129
POA6436,22,11,5,0,86
POA6437,39,9,0,0,417
POA6438,70,29,12,0,493
POA6440,134,29,4,0,794
POA6442,172,85,29,4,1105
POA6443,68,44,16,0,322
POA6445,19,8,0,0,57
POA6446,10,3,4,0,49
POA6447,9,4,0,0,80
POA6448,23,24,3,4,170
POA6450,951,634,424,99,5963
POA6452,0,0,0,0,4
POA6460,54,54,12,4,287
POA6461,27,50,13,3,196
POA6462,7,10,0,0,57
POA6463,0,0,0,0,11
POA6465,0,0,0,0,17
POA6466,3,7,0,0,25
POA6467,7,5,0,0,16
POA6468,16,0,6,0,96
POA6470,0,0,0,0,6
POA6472,8,0,0,4,56
POA6473,0,0,0,0,14
POA6475,24,23,12,0,124
POA6476,0,4,0,0,13
POA6477,26,3,3,0,105
POA6479,38,19,11,4,210
POA6480,8,0,0,0,21
POA6484,0,3,0,0,15
POA6485,30,32,21,5,186
POA6487,3,0,0,0,20
POA6488,13,5,5,0,67
POA6489,3,15,4,0,39
POA6490,28,23,6,0,118
POA6501,73,48,23,5,397
POA6502,129,95,48,8,575
POA6503,192,149,84,10,1048
POA6504,27,18,20,0,137
POA6505,13,11,3,0,52
POA6506,5,7,0,0,27
POA6507,43,27,13,6,277
POA6509,16,13,6,0,81
POA6510,147,117,49,23,818
POA6511,42,44,20,5,219
POA6512,8,12,0,0,41
POA6513,11,0,3,0,61
POA6514,71,87,38,8,300
POA6515,28,19,7,0,141
POA6516,195,200,64,13,950
POA6517,26,33,8,6,210
POA6518,22,7,9,5,106
POA6519,34,35,17,0,248
POA6521,31,28,11,0,170
POA6522,33,28,16,4,190
POA6525,346,316,165,33,1682
POA6528,33,24,11,4,154
POA6530,2519,1640,808,353,15567
POA6532,549,328,95,23,3298
POA6535,141,142,57,17,660
POA6536,169,167,53,11,743
POA6537,89,69,30,5,547
POA6556,226,131,37,11,1029
POA6558,119,61,20,3,627
POA6560,109,92,50,9,571
POA6562,105,118,31,9,659
POA6564,36,38,6,5,173
POA6566,447,370,140,29,1721
POA6567,80,49,30,0,254
POA6568,21,16,4,0,85
POA6569,16,8,10,5,104
POA6571,4,4,0,0,32
POA6572,0,0,0,0,18
POA6574,6,3,0,0,30
POA6575,6,8,10,0,44
POA6603,85,69,23,5,478
POA6605,6,0,0,0,19
POA6606,5,10,0,3,40
POA6608,17,4,0,0,72
POA6609,41,21,14,4,326
POA6612,18,7,4,4,67
POA6613,3,3,0,3,21
POA6614,0,0,0,0,6
POA6616,8,4,0,0,27
POA6620,59,19,6,5,294
POA6623,40,53,15,7,263
POA6625,0,4,0,0,23
POA6627,3,4,6,0,26
POA6628,0,0,0,0,4
POA6630,29,29,9,0,215
POA6631,5,0,0,0,5
POA6632,0,0,4,0,27
POA6635,22,12,0,0,229
POA6638,77,45,18,4,404
POA6639,18,6,9,0,76
POA6640,21,31,3,0,121
POA6642,96,35,12,0,619
POA6646,27,20,5,0,296
POA6701,401,260,94,23,2453
POA6705,10,7,0,0,62
POA6707,243,126,54,9,1716
POA6710,76,25,11,0,512
POA6712,10,0,0,0,44
POA6713,105,18,7,0,678
POA6714,981,247,45,3,9468
POA6716,61,14,0,0,609
POA6718,43,25,9,0,223
POA6720,129,42,11,0,1165
POA6721,315,85,28,0,2498
POA6722,689,185,34,13,5360
POA6725,787,347,101,23,5629
POA6726,421,228,49,11,3086
POA6728,329,213,44,6,2133
POA6740,93,44,19,4,537
POA6743,482,203,64,14,3219
POA6751,247,60,7,0,2193
POA6753,449,80,9,0,3783
POA6754,86,13,4,0,673
POA6758,111,10,3,3,858
POA6760,80,18,7,0,551
POA6762,34,3,0,0,376
POA6765,81,23,0,0,514
POA6770,142,67,14,3,983
POA7000,1475,1086,392,150,10357
POA7004,736,686,387,142,5332
POA7005,1208,1226,672,250,9254
POA7007,345,325,110,24,2124
POA7008,1113,819,322,127,7890
POA7009,864,566,260,86,7394
POA7010,1047,773,452,230,8911
POA7011,937,621,446,155,6988
POA7012,95,63,13,4,433
POA7015,944,851,537,278,6217
POA7016,138,72,35,12,1157
POA7017,507,379,132,34,3037
POA7018,1824,1573,935,326,12568
POA7019,320,232,98,14,3270
POA7020,349,188,44,3,1477
POA7021,274,171,71,23,1365
POA7022,115,95,34,8,539
POA7023,65,54,14,0,230
POA7024,75,57,8,4,357
POA7025,225,183,85,19,1048
POA7026,106,42,35,6,558
POA7027,37,19,9,0,191
POA7030,1038,784,316,57,7493
POA7050,972,945,527,168,8113
POA7052,714,608,288,75,4285
POA7053,456,389,154,72,2275
POA7054,885,643,287,70,5116
POA7055,23,20,7,5,283
POA7109,1069,644,255,49,5088
POA7112,355,390,133,9,1814
POA7113,138,131,58,61,743
POA7116,268,222,98,9,1209
POA7117,111,70,50,11,445
POA7119,5,0,0,0,12
POA7120,179,132,52,15,775
POA7139,0,0,0,0,5
POA7140,903,622,286,67,5003
POA7150,412,346,118,23,1881
POA7155,114,118,55,13,566
POA7162,103,91,46,0,409
POA7163,48,44,25,0,242
POA7170,667,432,144,17,3086
POA7171,295,225,110,24,1922
POA7172,315,246,133,44,2054
POA7173,823,571,164,30,3920
POA7174,16,18,8,0,104
POA7175,28,19,9,0,113
POA7176,29,7,3,4,100
POA7177,33,33,12,0,189
POA7178,46,34,11,8,175
POA7179,58,68,18,6,246
POA7180,26,31,5,0,82
POA7182,33,22,12,0,127
POA7183,12,0,0,0,21
POA7184,115,96,50,5,474
POA7185,28,22,10,5,90
POA7186,15,29,15,3,100
POA7187,29,24,8,7,84
POA7190,403,403,197,60,1710
POA7209,37,40,10,5,168
POA7210,80,91,29,11,441
POA7211,30,21,8,0,121
POA7212,186,188,82,14,900
POA7213,12,21,7,0,108
POA7214,61,61,16,3,271
POA7215,502,445,168,30,2262
POA7216,421,368,185,34,1750
POA7248,894,605,355,97,7737
POA7249,839,653,425,223,6796
POA7250,4164,3230,1681,539,25591
POA7252,371,258,108,23,1606
POA7253,378,390,198,43,2096
POA7254,60,43,8,3,267
POA7255,98,108,50,14,456
POA7256,138,136,62,18,811
POA7257,0,0,3,0,20
POA7258,117,74,29,3,502
POA7259,61,31,7,0,259
POA7260,228,186,123,70,1322
POA7261,26,24,0,0,104
POA7262,193,177,76,27,957
POA7263,59,50,16,8,269
POA7264,72,43,15,4,255
POA7265,20,17,3,5,90
POA7267,86,45,13,4,396
POA7268,117,99,38,10,610
POA7270,505,465,174,36,2069
POA7275,422,315,132,29,1768
POA7276,79,55,14,7,329
POA7277,579,464,299,103,3382
POA7290,169,118,56,8,1061
POA7291,49,37,21,4,322
POA7292,51,46,15,0,310
POA7300,323,220,102,17,1790
POA7301,356,360,174,53,2128
POA7302,130,73,39,6,743
POA7303,278,238,91,18,1400
POA7304,567,500,230,51,2843
POA7305,117,73,40,6,533
POA7306,480,322,129,29,2168
POA7307,1011,975,455,129,5580
POA7310,2218,1867,888,296,13180
POA7315,1392,1084,548,165,7211
POA7316,633,447,191,42,3121
POA7320,1246,820,481,168,7611
POA7321,462,335,129,17,2375
POA7322,341,247,146,41,1786
POA7325,841,650,326,87,4156
POA7330,464,340,145,44,2826
POA7331,67,49,17,4,281
POA7466,0,3,0,0,15
POA7467,160,116,55,18,792
POA7468,67,40,21,10,365
POA7469,93,57,12,4,351
POA7470,90,56,20,3,361
POA0800,539,270,66,6,5185
POA0810,2244,1427,580,129,19107
POA0812,1434,897,296,56,9015
POA0820,1630,889,356,91,12440
POA0822,1198,613,185,14,7127
POA0828,131,52,22,6,858
POA0829,56,31,18,3,497
POA0830,1202,598,172,50,8974
POA0832,772,320,82,23,9146
POA0834,195,123,26,8,971
POA0835,340,191,68,8,1725
POA0836,679,349,77,14,3922
POA0837,55,48,9,0,274
POA0838,83,56,10,0,438
POA0839,21,28,5,0,275
POA0840,48,71,15,0,227
POA0841,67,43,15,0,354
POA0845,40,41,12,0,214
POA0846,35,26,13,3,141
POA0847,28,15,5,0,127
POA0850,570,314,84,19,4066
POA0852,408,183,45,7,2898
POA0853,12,0,0,0,502
POA0854,46,21,4,0,240
POA0860,217,94,28,0,1220
POA0862,33,20,3,0,337
POA0870,1544,803,213,37,10670
POA0872,590,189,40,12,3904
POA0873,246,136,59,34,1287
POA0874,70,9,0,0,342
POA0875,168,60,18,3,1085
POA0880,301,101,21,0,2229
POA0885,52,12,0,0,401
POA0886,74,17,0,0,428
POA2600,952,985,477,156,5739
POA2601,241,150,53,14,4500
POA2602,2870,1933,941,501,21941
POA2603,1141,818,425,197,6863
POA2604,1215,883,416,170,9153
POA2605,1236,895,612,306,7641
POA2606,863,572,393,125,7999
POA2607,1482,1074,816,275,8889
POA2609,131,80,42,3,688
POA2611,2528,2041,1274,408,21394
POA2612,1289,952,434,150,13541
POA2614,1702,1446,1066,379,12543
POA2615,3160,2566,1157,224,24804
POA2617,2411,2092,861,287,23525
POA2618,134,128,60,9,772
POA2900,282,267,182,66,2682
POA2902,1282,1303,529,100,8438
POA2903,854,773,233,37,5150
POA2904,1369,1051,397,145,7139
POA2905,2645,1404,431,122,14325
POA2906,1606,704,297,106,8958
POA2911,222,139,93,25,2780
POA2912,449,215,74,16,5170
POA2913,2583,1499,618,94,21907
POA2914,1435,701,235,26,18512
POA2899,269,215,103,30,1200
POA6798,121,72,4,0,968
POA6799,54,15,13,0,249
POA9494,5503,3442,677,111,33347
POA9797,83,23,0,0,734
