Postcode,Latitude,Longitude
7470,-41.8146,145.5092
7469,-41.9061,145.2716
7468,-42.6743,145.6488
7467,-42.0747,145.5452
7466,-42.0811,145.6153
7331,-40.7636,145.2881
7330,-41.1565,145.03
7325,-41.1057,145.6114
7322,-41.0586,145.7979
7321,-41.5764,145.4668
7320,-41.0759,145.8943
7316,-41.2194,145.9879
7315,-41.3093,146.0823
7310,-41.3256,146.2144
7307,-41.2322,146.4821
7306,-41.4673,146.2779
7305,-41.3405,146.4243
7304,-41.6552,146.3732
7303,-41.5108,146.7926
7302,-41.7735,147.0583
7301,-41.5956,147.0679
7300,-41.6257,147.2273
7292,-41.4769,146.9571
7291,-41.5417,147.0288
7290,-41.5104,147.0629
7277,-41.3731,147.0069
7276,-41.2829,146.9648
7275,-41.3076,146.8367
7270,-41.1752,146.7673
7268,-41.2978,147.2252
7267,-41.2656,147.132
7265,-41.0531,147.8078
7264,-40.9957,148.0851
7263,-41.2657,147.7151
7262,-40.9688,147.6332
7261,-41.1526,147.7268
7260,-41.159,147.5086
7259,-41.3755,147.4243
7258,-41.5023,147.1973
7257,-40.3919,148.2178
7256,-39.8692,143.9786
7255,-39.9973,148.0894
7254,-41.1154,147.229
7253,-41.1064,146.8922
7252,-41.1829,147.0693
7250,-41.4432,147.195
7249,-41.4698,147.1623
7248,-41.3936,147.1589
7216,-41.2599,148.1008
7215,-41.8294,148.2071
7214,-41.5567,147.9029
7213,-41.7729,147.9899
7212,-41.5719,147.4811
7211,-41.752,147.3486
7210,-41.9368,147.5189
7209,-42.1136,147.5753
7190,-42.2816,147.9116
7187,-43.0788,147.816
7186,-43.0048,147.6647
7185,-43.0535,147.7525
7184,-43.1424,147.722
7183,-43.1535,147.7793
7182,-43.132,147.9234
7180,-43.0633,147.8701
7179,-43.0107,147.8887
7178,-42.9159,147.9104
7177,-42.8568,147.8127
7176,-42.7592,147.791
7175,-42.7761,147.852
7174,-42.8289,147.7695
7173,-42.8414,147.6672
7172,-42.7355,147.6388
7171,-42.7689,147.5147
7170,-42.8428,147.4702
7163,-43.2099,147.2414
7162,-43.1604,147.215
7155,-43.126,147.2162
7150,-43.2903,147.2894
7140,-42.4225,146.6682
7139,-42.8465,146.2146
7120,-42.352,147.5893
7119,-42.4024,147.3865
7117,-43.2969,147.0203
7116,-43.1685,146.9199
7113,-43.0813,146.9787
7112,-43.1848,147.1527
7109,-43.2287,146.8842
7055,-43.0002,147.2948
7054,-42.9684,147.225
7053,-42.9536,147.3388
7052,-43.0074,147.3172
7050,-42.9645,147.2879
7030,-42.2374,147.0471
7027,-42.5106,147.3762
7026,-42.6081,147.4108
7025,-42.7377,147.4163
7024,-42.9526,147.5289
7023,-42.9853,147.4111
7022,-43.026,147.422
7021,-42.9096,147.4892
7020,-42.9768,147.4971
7019,-42.9045,147.4415
7018,-42.8885,147.4159
7017,-42.7464,147.3031
7016,-42.8111,147.3486
7015,-42.8387,147.3669
7012,-42.8335,147.1952
7011,-42.7887,147.2263
7010,-42.8418,147.2614
7009,-42.8428,147.2974
7008,-42.8647,147.2893
7007,-42.918,147.3198
7005,-42.911,147.3438
7004,-42.8981,147.2858
7000,-42.8746,147.3168
6770,-19.1321,127.7913
6765,-17.9298,124.8136
6762,-21.5177,123.526
6760,-21.1566,119.7403
6758,-21.9762,120.3408
6754,-23.192,117.6915
6753,-23.0129,119.9895
6751,-22.519,117.1168
6743,-15.99,127.4204
6740,-14.9137,126.7093
6728,-17.7613,125.6549
6726,-17.9492,122.2098
6725,-18.2253,122.6804
6722,-20.3279,119.0968
6721,-20.7492,118.4224
6720,-20.6908,117.1523
6718,-20.7792,117.1392
6716,-21.8467,116.5994
6714,-21.126,116.9584
6713,-20.4723,116.8541
6712,-20.7803,115.407
6710,-22.4653,114.8898
6707,-22.3998,113.9437
6705,-24.7452,116.5273
6701,-24.5882,114.3238
6646,-25.3769,122.3769
6642,-25.3283,118.9236
6640,-26.8133,117.4587
6639,-28.4241,119.2491
6638,-28.2756,117.9573
6635,-27.6624,116.6622
6632,-28.6296,115.2598
6631,-28.5476,115.9234
6630,-27.3415,115.671
6628,-28.7473,115.8093
6627,-28.8953,115.8928
6625,-29.1682,115.8008
6623,-29.157,116.2095
6620,-29.3236,116.7897
6616,-29.7562,116.4854
6614,-29.8544,116.5571
6613,-29.9575,116.5606
6612,-29.3171,117.4696
6609,-30.2523,116.6918
6608,-30.4206,116.701
6606,-30.5728,116.7731
6605,-30.7152,116.8061
6603,-30.8929,116.7745
6575,-30.4167,116.3675
6574,-30.6363,116.4225
6572,-30.8022,116.3944
6571,-30.9069,116.4387
6569,-31.1167,116.4039
6568,-31.2391,116.5107
6567,-31.4492,116.2888
6566,-31.5245,116.4743
6564,-31.7198,116.5166
6562,-31.7927,116.4859
6560,-31.7567,116.3777
6558,-31.8087,116.3145
6556,-31.9161,116.3519
6537,-26.217,113.8136
6536,-27.522,114.3177
6535,-28.1984,114.6233
6532,-27.5277,114.8767
6530,-28.7491,114.6549
6528,-28.981,114.842
6525,-29.3433,115.1018
6522,-29.1434,115.469
6521,-30.3973,115.5334
6519,-29.5024,115.6358
6518,-29.9312,115.2588
6517,-29.7133,115.9542
6516,-30.2834,115.1167
6515,-29.9856,115.9432
6514,-30.0398,115.0308
6513,-30.2283,116.0865
6512,-30.4151,116.0652
6511,-30.5028,115.0732
6510,-30.7242,116.1246
6509,-30.9926,116.2305
6507,-30.724,115.572
6506,-31.0106,116.0535
6505,-31.1589,116.1445
6504,-31.3004,116.0721
6503,-31.2231,115.7926
6502,-31.3393,116.225
6501,-31.5483,115.9382
6490,-31.1375,118.2483
6489,-31.1405,117.9348
6488,-31.1603,117.7999
6487,-31.1606,117.6648
6485,-31.2029,117.4521
6484,-30.6884,119.358
6480,-31.3029,118.2402
6479,-30.6395,118.415
6477,-30.771,117.9473
6476,-30.7494,117.6859
6475,-30.6021,117.4245
6473,-30.3917,118.1578
6472,-30.1136,118.0192
6470,-30.4012,117.3248
6468,-30.1496,117.2983
6467,-30.5371,117.155
6466,-30.7168,117.1134
6465,-30.8853,117.141
6463,-31.1561,117.2829
6462,-31.1915,117.2045
6461,-31.1056,117.0234
6460,-31.2504,116.7818
6452,-33.2937,123.5732
6450,-33.39,120.7526
6448,-33.6362,121.852
6447,-33.3525,122.1435
6446,-33.2277,121.8331
6445,-32.9632,121.1401
6443,-32.1,123.9571
6442,-31.1324,121.5771
6440,-27.9399,125.4447
6438,-28.3746,121.3894
6437,-27.8621,120.6928
6436,-29.3104,119.7818
6434,-30.7849,125.7438
6432,-30.7907,121.492
6431,-30.2077,128.1703
6430,-30.7717,121.445
6429,-31.0534,120.7728
6428,-32.1434,118.0264
6427,-30.849,119.5781
6426,-30.9177,119.7911
6425,-31.4153,119.1634
6424,-31.3097,118.8878
6423,-31.1996,118.7226
6422,-31.3449,118.5703
6421,-31.4757,118.4717
6420,-31.8142,118.6032
6419,-32.0394,118.1129
6418,-31.8597,118.1423
6415,-31.5225,118.349
6414,-31.5169,118.174
6413,-31.5042,118.0847
6412,-31.4558,117.9383
6411,-31.5736,117.8473
6410,-31.5971,117.6971
6409,-31.6036,117.4777
6407,-31.609,117.1967
6405,-31.5971,116.9778
6403,-31.6368,116.8088
6401,-31.5602,116.7337
6398,-34.8177,116.6223
6397,-34.5988,116.9492
6396,-34.361,116.9614
6395,-33.9259,117.1603
6394,-33.7985,116.9339
6393,-33.5782,116.8065
6392,-33.3726,116.7266
6391,-33.0516,116.7073
6390,-32.6475,116.4223
6386,-31.9862,117.8658
6385,-31.9833,117.7335
6384,-31.8887,117.6563
6383,-32.0153,117.4495
6375,-32.3681,117.8843
6373,-32.5088,117.7572
6372,-32.6236,117.6747
6370,-32.7906,117.6196
6369,-32.0782,118.7104
6368,-32.1931,118.4945
6367,-32.4298,118.2901
6365,-32.6917,118.206
6363,-32.9112,118.1347
6361,-32.9738,117.8033
6359,-32.4807,119.4335
6358,-32.4042,118.6647
6357,-32.6963,118.7886
6356,-33.1587,119.6894
6355,-33.0686,119.103
6353,-33.0492,118.4769
6352,-33.1675,118.0742
6351,-33.1851,117.9062
6350,-33.3028,117.8131
6348,-33.8489,120.161
6346,-33.7671,119.7604
6343,-33.5363,118.7558
6341,-33.5567,118.1599
6338,-34.2947,118.2003
6337,-33.9168,119.121
6336,-33.9968,118.5614
6335,-33.9399,118.0544
6333,-34.909,117.1361
6330,-34.8891,117.94
6328,-34.6245,118.5366
6327,-34.8876,117.6315
6326,-34.7932,117.6986
6324,-34.6045,117.707
6323,-34.4814,117.5858
6322,-34.4034,117.3631
6321,-34.2226,117.4163
6320,-34.1107,117.6771
6318,-33.8844,117.5973
6317,-33.5749,117.7236
6316,-33.5185,117.404
6315,-33.2802,117.2903
6313,-33.0953,117.236
6312,-32.9563,117.3437
6311,-32.7919,117.1523
6309,-32.6543,117.1596
6308,-32.6087,116.7811
6306,-32.341,117.1706
6304,-32.1583,116.9594
6302,-32.0318,116.5771
6290,-34.2958,115.1104
6288,-34.2006,115.2061
6286,-34.0957,115.0997
6285,-34.0179,115.3436
6284,-33.8732,115.2822
6282,-33.6797,115.0527
6281,-33.6146,115.0687
6280,-33.7041,115.3278
6275,-34.0335,115.7311
6271,-33.5691,115.5306
6262,-34.6256,116.2228
6260,-34.4268,115.8823
6258,-34.3103,116.3675
6256,-34.0331,116.1464
6255,-33.8633,116.2185
6254,-33.8594,116.0454
6253,-33.8114,115.941
6252,-33.7622,115.9188
6251,-33.7327,115.8427
6244,-33.9187,116.5577
6243,-33.6994,116.2093
6240,-33.5339,115.9618
6239,-33.5804,115.8834
6237,-33.5005,115.6906
6236,-33.4441,115.8753
6233,-33.2102,115.7345
6232,-33.3092,115.73
6230,-33.3799,115.6566
6229,-33.3454,115.7156
6228,-33.3264,115.7621
6227,-33.329,115.8471
6226,-33.3123,115.8749
6225,-33.3343,116.154
6224,-33.2211,115.8649
6223,-33.1777,115.8439
6221,-33.1564,115.9682
6220,-33.0239,115.9429
6219,-32.996064,115.849255
6218,-32.9579,115.8526
6215,-32.8548,115.9095
6214,-32.7469,115.8108
6213,-32.6782,116.0873
6211,-32.7007,115.6417
6210,-32.5153,115.7546
6209,-32.5423,115.7933
6208,-32.6689,115.8356
6207,-32.5338,116.0377
6182,-32.4273,115.833
6181,-32.4885,115.8019
6180,-32.4835,115.7734
6176,-32.4056,115.801
6175,-32.4446,115.7566
6174,-32.4252,115.7613
6173,-32.4061,115.7594
6172,-32.3711,115.7446
6171,-32.3182,115.8365
6170,-32.2685,115.8328
6169,-32.3315,115.7666
6168,-32.2803,115.7465
6167,-32.2202,115.8212
6166,-32.144,115.7913
6165,-32.1959,115.8047
6164,-32.128,115.8457
6163,-32.0875,115.8012
6162,-32.0697,115.7648
6161,-32.0075,115.5203
6160,-32.0529,115.7605
6159,-32.0374,115.7511
6158,-32.0368,115.7691
6157,-32.0331,115.7849
6156,-32.0357,115.8011
6155,-32.077,115.916
6154,-32.0369,115.8267
6153,-32.0245,115.8392
6152,-32.011,115.8704
6151,-31.9814,115.8698
6150,-32.0629,115.839
6149,-32.066,115.8614
6148,-32.0339,115.8973
6147,-32.0434,115.9268
6126,-32.4407,115.9867
6125,-32.3661,115.9545
6124,-32.3726,116.1506
6123,-32.2783,115.9936
6122,-32.2477,116.065
6121,-32.2387,115.9188
6112,-32.1566,115.9832
6111,-32.1577,116.1894
6110,-32.0908,115.9768
6109,-32.0397,116.0166
6108,-32.0613,115.9577
6107,-32.0161,115.9554
6106,-31.9929,115.9466
6105,-31.9524,115.9708
6104,-31.9415,115.9302
6103,-31.9614,115.9177
6102,-32.002,115.9098
6101,-31.985,115.9109
6100,-31.9627,115.8997
6090,-31.8563,115.8975
6084,-31.5794,116.0874
6083,-31.6989,116.2618
6082,-31.739,116.3112
6081,-31.8686,116.1575
6079,-31.7189,115.9159
6078,-31.637,115.8411
6077,-31.7568,115.8649
6076,-32.006,116.1273
6074,-31.9707,116.2464
6073,-31.9212,116.1605
6072,-31.92,116.1295
6071,-31.8914,116.0991
6070,-31.9242,116.0797
6069,-31.7682,116.0245
6068,-31.8202,115.9408
6067,-31.817,115.9006
6066,-31.8384,115.8927
6065,-31.7639,115.821
6064,-31.8358,115.8494
6063,-31.866,115.936
6062,-31.8877,115.9111
6061,-31.8657,115.8536
6060,-31.9014,115.8471
6059,-31.8891,115.8722
6058,-31.9742,115.9993
6057,-31.9498,116.0126
6056,-31.8635,116.0391
6055,-31.8673,115.9821
6054,-31.8998,115.946
6053,-31.9145,115.9145
6052,-31.9138,115.8834
6051,-31.9355,115.898
6050,-31.925,115.8716
6044,-30.9111,115.3788
6043,-31.1747,115.4604
6042,-31.2656,115.456
6041,-31.3514,115.5692
6038,-31.6136,115.6881
6037,-31.4965,115.6175
6036,-31.6446,115.6987
6035,-31.537,115.7354
6034,-31.5836,115.6683
6033,-31.5933,115.7206
6032,-31.6313,115.7581
6031,-31.6737,115.7735
6030,-31.6816,115.7165
6029,-31.877,115.7573
6028,-31.7277,115.7342
6027,-31.7531,115.7571
6026,-31.7981,115.7978
6025,-31.801,115.7558
6024,-31.8313,115.805
6023,-31.8311,115.7758
6022,-31.851,115.8109
6021,-31.8787,115.817
6020,-31.8428,115.7564
6019,-31.9082,115.7738
6018,-31.8951,115.7887
6017,-31.9098,115.8143
6016,-31.9201,115.8294
6015,-31.9337,115.7665
6014,-31.9363,115.8019
6012,-32.0144,115.7662
6011,-31.9994,115.7612
6010,-31.9706,115.78
6009,-31.9847,115.8077
6008,-31.9533,115.8108
6007,-31.9344,115.8419
6006,-31.9249,115.8536
6005,-31.9551,115.8378
6004,-31.9541,115.8755
6003,-31.946255,115.855197
6000,-31.9495,115.8655
5950,-34.9476,138.5335
5734,-27.8994,137.2366
5733,-29.7402,138.1599
5732,-30.6769,139.9931
5731,-28.0339,139.9499
5730,-31.3688,138.9519
5725,-30.5231,136.8828
5724,-27.0576,134.519
5723,-28.9845,134.7112
5722,-30.4721,137.3312
5720,-31.3067,137.3787
5719,-30.6393,135.8816
5717,-32.0747,135.1027
5715,-31.8257,136.6306
5713,-32.0599,137.8938
5710,-32.5221,137.8667
5701,-30.0056,131.2471
5700,-32.6165,137.6912
5690,-31.7418,132.9582
5680,-32.536,134.361
5671,-33.072,134.5573
5670,-33.487,135.2305
5661,-32.3923,134.6751
5660,-32.6017,134.6085
5655,-32.6369,134.9553
5654,-32.9799,134.9806
5653,-32.9009,135.297
5652,-32.9845,135.5084
5651,-33.135,135.6421
5650,-33.194,135.8553
5642,-33.5672,136.1846
5641,-33.0462,136.1258
5640,-33.5262,136.411
5633,-33.5,135.8419
5632,-34.0925,135.6114
5631,-34.2748,135.6687
5630,-34.3959,135.664
5611,-32.944139,137.155979
5609,-33.0283,137.5078
5608,-33.0299,137.5322
5607,-34.3366,135.8792
5606,-34.7286,135.856
5605,-34.4151,136.0313
5604,-34.0829,136.2982
5603,-33.8551,136.2242
5602,-33.6022,136.8758
5601,-32.9736,137.2127
5600,-33.0342,137.5699
5583,-35.0804,137.7176
5582,-34.8882,137.7771
5581,-34.7647,137.8331
5580,-34.6676,137.7669
5577,-35.0664,137.3255
5576,-35.0302,137.5951
5575,-34.776,137.6393
5573,-34.4079,137.6224
5572,-34.2393,137.782
5571,-34.4593,137.8278
5570,-34.2805,137.9259
5560,-33.9027,137.9984
5558,-34.1366,137.6459
5556,-33.9387,137.6383
5555,-33.8057,137.7982
5554,-33.9873,137.711
5552,-34.0788,137.9444
5550,-34.1468,138.2141
5540,-33.1608,138.1173
5523,-33.319,138.1709
5522,-33.6216,137.974
5521,-33.5349,138.2004
5520,-33.7961,138.1718
5510,-33.9167,138.1372
5502,-34.4619,138.5177
5501,-34.4603,138.3489
5495,-32.8939,137.9856
5493,-33.0235,138.7405
5491,-33.1947,138.6469
5490,-33.1613,138.4382
5485,-32.6547,138.1554
5483,-32.8841,138.141
5482,-32.8362,138.3588
5481,-33.005,138.2336
5480,-33.1058,138.2888
5473,-33.2815,138.369
5472,-33.3741,138.4128
5471,-33.4617,138.4589
5470,-33.5668,138.4779
5464,-33.6804,138.4423
5462,-33.8363,138.4531
5461,-34.0544,138.4153
5460,-34.3003,138.509
5455,-33.7046,138.6481
5454,-33.4907,138.6286
5453,-33.8842,138.602
5452,-33.964,138.6488
5451,-34.0355,138.6771
5440,-32.2872,139.9138
5434,-31.9715,138.3663
5433,-32.2521,138.2018
5432,-32.2441,138.633
5431,-32.7078,138.5327
5422,-32.8622,138.9107
5421,-33.1526,139.0052
5420,-33.21,138.8438
5419,-33.3229,139.0634
5418,-33.3991,139.2314
5417,-33.6722,139.0293
5416,-33.8032,138.8182
5415,-33.9179,138.7481
5414,-33.9965,138.8034
5413,-34.0242,138.9094
5412,-34.1541,138.7379
5411,-34.249,138.7749
5410,-34.3502,138.7342
5401,-34.2688,138.6496
5400,-34.4585,138.6552
5381,-33.8936,139.0748
5374,-34.1531,139.247
5373,-34.3088,138.9204
5372,-34.446,138.8179
5371,-34.475,138.7429
5360,-34.4396,138.9168
5357,-34.3182,139.5326
5356,-34.3971,139.2401
5355,-34.4495,139.0181
5354,-34.6013,139.7691
5353,-34.5849,139.2242
5352,-34.5471,138.9337
5351,-34.6632,138.9004
5350,-34.575,138.8368
5346,-34.231,140.4107
5345,-34.2711,140.4418
5344,-34.279,140.5446
5343,-34.349,140.4905
5342,-34.2382,140.599
5341,-34.1653,140.706
5340,-34.1427,140.8721
5333,-34.4822,140.5154
5332,-34.3482,140.2903
5331,-34.2304,140.3171
5330,-33.8951,140.43
5322,-34.1539,139.8878
5321,-34.0891,139.7707
5320,-34.061,139.6023
5311,-34.6664,140.6663
5310,-34.7083,140.2995
5309,-34.9013,140.2
5308,-34.7577,139.9113
5307,-35.1481,140.0287
5306,-35.1183,139.7009
5304,-35.1739,140.8756
5303,-35.3309,140.6966
5302,-35.4887,140.4793
5301,-35.4336,140.0908
5291,-37.8419,140.5731
5290,-37.8231,140.7806
5280,-37.5872,140.2806
5279,-37.4953,140.6073
5278,-37.5629,140.701
5277,-37.4274,140.8232
5276,-37.2387,139.9353
5275,-36.7168,140.0578
5273,-36.965,140.1746
5272,-37.0087,140.3725
5271,-36.8485,140.6317
5270,-36.3847,140.5776
5269,-36.3392,140.9071
5268,-36.3507,140.7852
5267,-36.1387,140.3547
5266,-35.957,139.894
5265,-35.7769,139.644
5264,-35.8811,139.4624
5263,-37.2958,140.8822
5262,-36.8196,140.8812
5261,-35.4853,139.7568
5260,-35.2958,139.5562
5259,-35.4072,139.365
5256,-35.4138,139.0254
5255,-35.2916,139.105
5254,-35.0882,139.1328
5253,-35.1096,139.4375
5252,-35.0616,138.9955
5251,-35.1087,138.89
5250,-35.0366,138.8644
5245,-35.0318,138.8111
5244,-34.9368,138.9348
5243,-34.9765,138.8547
5242,-34.9932,138.8128
5241,-34.9009,138.8646
5240,-34.9231,138.831
5238,-34.8252,139.5027
5237,-34.81,139.1999
5236,-34.8474,139.0659
5235,-34.6977,139.12
5234,-34.809,138.9795
5233,-34.8111,138.8902
5232,-34.8584,138.8352
5231,-34.7741,138.8519
5223,-35.818,137.144
5222,-35.8103,137.9616
5221,-35.7863,137.7567
5220,-35.7833,137.256
5214,-35.472,138.8138
5213,-35.484,138.7085
5212,-35.5042,138.6726
5211,-35.5158,138.5351
5210,-35.3413,138.6488
5204,-35.5372,138.2186
5203,-35.5227,138.3961
5202,-35.3935,138.4502
5201,-35.2032,138.738
5174,-35.317,138.496
5173,-35.2813,138.4699
5172,-35.2863,138.6153
5171,-35.1977,138.5775
5170,-35.2311,138.4815
5169,-35.1894,138.4793
5168,-35.1641,138.5007
5167,-35.1605,138.4788
5166,-35.1219,138.4763
5165,-35.1336,138.4775
5164,-35.1295,138.4955
5163,-35.1374,138.5538
5162,-35.1153,138.534
5161,-35.0944,138.5276
5160,-35.1081,138.4909
5159,-35.0689,138.5954
5158,-35.0659,138.5309
5157,-35.1141,138.6391
5156,-35.0241,138.6888
5155,-35.002,138.7675
5154,-35.0146,138.7346
5153,-35.1097,138.7577
5152,-34.985,138.6988
5151,-34.9793,138.7321
5150,-34.9727,138.6702
5144,-34.9668,138.7682
5142,-34.9615,138.7472
5141,-34.9342,138.7052
5140,-34.9497,138.6912
5139,-34.9327,138.7987
5138,-34.9357,138.7737
5137,-34.9352,138.7445
5136,-34.9183,138.737
5134,-34.8955,138.768
5133,-34.8024,138.7959
5132,-34.8439,138.7661
5131,-34.8037,138.7675
5127,-34.8004,138.6891
5126,-34.7954,138.7349
5125,-34.7653,138.7417
5121,-34.6707,138.6294
5120,-34.6834,138.5241
5118,-34.5962,138.724
5117,-34.6413,138.6421
5116,-34.6392,138.7347
5115,-34.6551,138.6826
5114,-34.7064,138.7818
5113,-34.6994,138.6797
5112,-34.7336,138.6726
5111,-34.7216,138.6381
5110,-34.7428,138.572
5109,-34.7752,138.671
5108,-34.7559,138.6216
5107,-34.7838,138.613
5106,-34.7929,138.634
5098,-34.8307,138.642
5097,-34.822,138.7068
5096,-34.8015,138.6555
5095,-34.8164,138.6217
5094,-34.8194,138.5774
5093,-34.8327,138.6613
5092,-34.8242,138.6809
5091,-34.8219,138.736
5090,-34.8475,138.6987
5089,-34.8531,138.7209
5088,-34.8516,138.6727
5087,-34.8725,138.6449
5086,-34.8647,138.6412
5085,-34.8561,138.6184
5084,-34.8591,138.5896
5083,-34.8787,138.611
5082,-34.887,138.5932
5081,-34.8944,138.6118
5076,-34.8711,138.7401
5075,-34.8667,138.679
5074,-34.8804,138.6699
5073,-34.8995,138.6831
5072,-34.913,138.6907
5070,-34.8957,138.6398
5069,-34.9081,138.6272
5068,-34.9201,138.6588
5067,-34.9242,138.6296
5066,-34.9496,138.6622
5065,-34.9376,138.6381
5064,-34.9608,138.6471
5063,-34.9526,138.6258
5062,-34.9859,138.6371
5061,-34.9535,138.6079
5052,-35.0074,138.6508
5051,-35.0341,138.6128
5050,-35.0242,138.5933
5049,-35.0427,138.5264
5048,-35.0158,138.5229
5047,-35.0288,138.5528
5046,-35.0071,138.5402
5045,-34.9764,138.5231
5044,-34.9893,138.532
5043,-34.9949,138.5526
5042,-35.0127,138.5808
5041,-34.9898,138.5925
5040,-34.9663,138.5326
5039,-34.9801,138.5739
5038,-34.9662,138.5504
5037,-34.9557,138.5505
5035,-34.9486,138.5779
5034,-34.9541,138.5918
5033,-34.9389,138.5592
5032,-34.9249,138.5369
5031,-34.9255,138.5661
5025,-34.9124,138.5371
5024,-34.9354,138.5073
5023,-34.8928,138.5182
5022,-34.9049,138.4974
5021,-34.873,138.4944
5020,-34.8675,138.4833
5019,-34.8486,138.4807
5018,-34.7798,138.4925
5017,-34.7884,138.5065
5016,-34.8236,138.4971
5015,-34.7827,138.5279
5014,-34.8683,138.516
5013,-34.8395,138.554
5012,-34.8628,138.545
5011,-34.8813,138.5367
5010,-34.8628,138.5678
5009,-34.8922,138.547
5008,-34.8886,138.5669
5007,-34.9015,138.5747
5006,-34.909,138.5948
5000,-34.9257,138.6002
4895,-15.1606,144.9605
4892,-15.3214,143.1631
4891,-17.4787,140.887
4890,-17.4541,141.1667
4888,-17.5889,145.4392
4887,-17.4182,145.1018
4886,-17.5349,145.6204
4885,-17.3852,145.647
4884,-17.2563,145.6991
4883,-17.3394,145.4929
4882,-17.1856,145.4771
4881,-16.8116,145.5661
4880,-16.9648,145.3437
4879,-16.7744,145.6695
4878,-16.8414,145.7129
4877,-16.5906,145.4834
4876,-10.9552,142.3168
4875,-10.6816,142.1886
4874,-12.1157,142.5241
4873,-16.2818,145.2951
4872,-17.9846,145.11
4871,-17.5437,144.1088
4870,-17.0097,145.6687
4869,-17.0357,145.7551
4868,-16.9743,145.752
4865,-17.1181,145.6947
4861,-17.3076,145.9687
4860,-17.4831,145.7658
4859,-17.4755,145.9119
4858,-17.5889,146.0698
4856,-17.7488,145.9932
4855,-17.8342,146.0188
4854,-17.9414,145.8508
4852,-17.8908,146.0753
4850,-18.7594,145.6258
4849,-18.2778,146.0054
4830,-17.8623,138.8857
4829,-23.7572,139.1823
4828,-19.7304,138.4942
4825,-20.343,138.4679
4824,-20.6548,140.379
4823,-19.8269,141.4891
4822,-20.3675,143.0626
4821,-20.869,143.8356
4820,-20.3983,146.2463
4819,-19.1422,146.8334
4818,-19.2288,146.5714
4817,-19.4436,146.4724
4816,-20.9462,145.1699
4815,-19.5117,146.6597
4814,-19.2839,146.7399
4812,-19.2888,146.7886
4811,-19.3549,146.8397
4810,-19.2354,146.7535
4809,-19.6336,147.2017
4808,-19.5047,147.3508
4807,-19.846,147.1282
4806,-19.8605,147.3738
4805,-20.2574,147.8453
4804,-20.997,147.4472
4802,-20.2423,148.9784
4800,-20.3959,148.55
4799,-20.6935,148.5809
4798,-20.8051,148.7693
4757,-21.1931,148.4618
4756,-21.1305,148.5815
4754,-21.234,148.7981
4753,-21.1442,148.9531
4751,-21.2077,149.0529
4750,-21.0246,149.1458
4746,-22.6925,148.9224
4745,-22.5267,148.3174
4744,-21.9489,147.8803
4743,-21.3275,148.0151
4742,-21.6949,148.5308
4741,-21.0197,148.7774
4740,-21.1531,149.1264
4739,-21.8809,149.3707
4738,-21.633,149.277
4737,-21.4832,149.0861
4736,-25.0763,143.1721
4735,-23.2743,141.7685
4733,-22.0555,143.4747
4732,-22.4097,144.1912
4731,-24.6072,144.1215
4730,-23.6865,143.6175
4728,-23.3299,146.0062
4727,-23.6043,144.5867
4726,-22.5757,145.1884
4725,-23.6697,145.3478
4724,-23.6038,146.7184
4723,-23.0076,148.1419
4722,-24.3451,147.7413
4721,-22.5011,147.2269
4720,-23.5299,148.1533
4719,-25.1078,150.2219
4718,-24.7462,149.5381
4717,-23.4738,148.7853
4716,-24.5814,150.6422
4715,-24.4425,150.8208
4714,-23.722,150.3923
4713,-24.1084,149.4571
4712,-23.6953,149.6802
4711,-23.2788,150.4709
4710,-23.2657,150.802
4709,-23.0274,148.3513
4707,-22.1961,149.3544
4706,-22.6211,149.7228
4705,-22.7111,149.3089
4704,-23.1383,150.3585
4703,-22.7883,150.5121
4702,-23.8102,147.8236
4701,-23.3442,150.5573
4700,-23.411,150.5129
4699,-23.6721,150.5724
4697,-23.8142,150.7505
4695,-23.7678,150.9889
4694,-23.7824,151.0946
4680,-24.2381,151.0964
4678,-24.166,151.5376
4677,-24.2579,151.7634
4676,-24.6123,151.6652
4674,-24.5249,151.8825
4673,-24.7037,152.0631
4671,-25.0426,151.8296
4670,-24.8669,152.2326
4662,-25.3594,152.5742
4660,-25.2158,152.3356
4659,-25.3034,152.598
4655,-25.3614,152.8305
4650,-25.6315,152.6528
4630,-24.8159,151.0137
4627,-25.3828,150.8635
4626,-25.7967,151.0515
4625,-25.5963,151.6266
4621,-25.5321,152.039
4620,-25.6439,152.2953
4615,-26.6534,151.9829
4614,-26.8523,151.9108
4613,-26.1794,151.366
4612,-26.047,151.6497
4611,-26.171,151.7605
4610,-26.56,151.6421
4608,-26.3779,151.8144
4606,-26.2665,151.8035
4605,-26.1505,151.8728
4601,-26.1208,152.0242
4600,-26.0759,152.242
4581,-25.2485,153.1464
4580,-25.9755,153.0986
4575,-26.7224,153.128
4574,-26.6114,152.7194
4573,-26.5058,153.0804
4572,-26.6697,153.1017
4571,-26.2265,152.9295
4570,-26.1895,152.6496
4569,-26.3388,152.819
4568,-26.3479,152.8714
4567,-26.4106,153.0925
4566,-26.4249,153.0575
4565,-26.2854,152.9845
4564,-26.6088,153.0772
4563,-26.4255,152.8989
4562,-26.4876,152.9485
4561,-26.5458,152.9878
4560,-26.6213,152.9462
4559,-26.657,152.988
4558,-26.6556,153.0754
4557,-26.6947,153.1036
4556,-26.6972,153.0502
4555,-26.6934,152.9595
4554,-26.7313,152.9604
4553,-26.7626,152.9882
4552,-26.7326,152.7552
4551,-26.7914,153.097
4550,-26.8125,152.9777
4521,-27.1598,152.7944
4520,-27.3252,152.8151
4519,-26.8458,152.917
4518,-26.9026,152.95
4517,-26.9302,153.0107
4516,-26.9971,152.9703
4515,-26.777,152.4671
4514,-26.9342,152.7693
4512,-27.0269,152.855
4511,-27.0737,153.0816
4510,-27.0659,152.9586
4509,-27.2343,153.0301
4508,-27.18,153.0067
4507,-26.9572,153.1212
4506,-27.134,152.9331
4505,-27.139,152.9972
4504,-27.1878,152.9244
4503,-27.2438,152.9541
4502,-27.263,152.9685
4501,-27.2815,152.9789
4500,-27.2981,152.9373
4498,-28.3558,149.8778
4497,-28.5584,148.8601
4496,-28.4939,149.397
4494,-28.3006,149.5667
4493,-28.7099,144.5406
4492,-27.7498,142.6526
4491,-28.2141,145.0672
4490,-28.0132,145.9231
4489,-27.2862,146.0853
4488,-28.2473,147.1772
4487,-27.8828,148.6606
4486,-28.5208,148.0662
4482,-25.0359,138.4523
4481,-25.6344,141.7196
4480,-26.4718,143.2181
4479,-26.6425,145.5764
4478,-25.029,146.4003
4477,-25.6854,146.5701
4474,-25.7373,144.5695
4472,-24.6646,145.4327
4470,-26.5576,146.3923
4468,-26.71,147.0209
4467,-26.3606,147.4725
4465,-26.398,147.8629
4462,-26.1009,148.2082
4461,-26.6378,148.3536
4455,-26.8107,148.6481
4454,-25.7683,148.5899
4428,-26.614,149.178
4427,-26.3884,149.4713
4426,-26.5606,149.6027
4425,-26.6087,149.7523
4424,-26.6545,149.9514
4423,-27.3825,149.5194
4422,-27.5558,149.7158
4421,-27.2515,150.5063
4420,-25.4036,149.5599
4419,-25.8887,150.0957
4418,-26.2829,150.0284
4417,-27.2293,149.0731
4416,-26.9582,150.0254
4415,-26.4695,150.2326
4413,-26.3331,150.7546
4412,-26.8592,150.8107
4411,-26.872,150.9413
4410,-26.6401,151.2118
4408,-26.9199,151.4455
4407,-27.6387,150.9178
4406,-27.5232,150.1588
4405,-27.2996,151.0069
4404,-27.2595,151.5151
4403,-27.2981,151.6125
4402,-26.9504,151.8201
4401,-27.4081,151.718
4400,-27.4959,151.7965
4390,-28.2609,150.3949
4388,-28.5377,150.6093
4387,-28.4642,151.002
4385,-28.8381,151.1961
4384,-28.7407,151.1686
4383,-28.9348,151.966
4382,-28.8511,151.8054
4381,-28.751,151.8758
4380,-28.7285,151.6569
4378,-28.6161,151.936
4377,-28.5824,151.9422
4376,-28.5542,151.9333
4375,-28.5216,151.9472
4374,-28.4556,151.9349
4373,-28.3129,152.3715
4372,-28.2985,152.2359
4371,-28.1727,152.3379
4370,-28.2341,151.9384
4365,-28.0174,151.5977
4364,-27.7161,151.4414
4363,-27.6767,151.7168
4362,-28.0323,152.0295
4361,-27.9413,151.9222
4360,-27.8387,151.8922
4359,-27.7957,152.0044
4358,-27.7982,151.7617
4357,-28.0272,151.1659
4356,-27.6877,151.5658
4355,-27.139,152.0362
4354,-27.279,151.8472
4353,-27.2641,151.8979
4352,-28.3109,151.5032
4350,-27.5683,151.8852
4347,-27.6242,152.1843
4346,-27.5627,152.5818
4344,-27.5567,152.1153
4343,-27.6853,152.2407
4342,-27.5486,152.3936
4341,-27.7419,152.3514
4340,-27.7638,152.4846
4314,-26.806536,152.201804
4313,-27.1199,152.3719
4312,-27.2457,152.4271
4311,-27.4463,152.4753
4310,-28.0952,152.6511
4309,-28.0115,152.4846
4307,-27.8117,152.627
4306,-26.7781,152.1653
4305,-27.6194,152.7477
4304,-27.6144,152.8044
4303,-27.6053,152.8452
4301,-27.6291,152.8588
4300,-27.6485,152.9022
4287,-28.2545,152.8106
4285,-28.0618,152.9371
4280,-27.8158,153.0098
4275,-28.0926,153.1416
4272,-27.948,153.1933
4270,-27.8687,153.1405
4228,-28.1813,153.3699
4227,-28.1014,153.4014
4226,-28.0626,153.3891
4225,-28.1641,153.5115
4224,-28.1487,153.4906
4223,-28.1881,153.4199
4221,-28.129,153.4644
4220,-28.0881,153.438
4218,-28.0428,153.4229
4217,-27.9821,153.4265
4216,-27.9052,153.3825
4215,-27.9664,153.3974
4214,-27.9589,153.3622
4213,-28.1315,153.3399
4212,-27.8943,153.335
4211,-28.0944,153.2472
4210,-27.9133,153.235
4209,-27.8502,153.2931
4208,-27.7898,153.351
4207,-27.7875,153.1522
4205,-27.6878,153.1595
4184,-27.7462,153.3953
4183,-27.5644,153.4485
4179,-27.4618,153.1757
4178,-27.4054,153.1635
4174,-27.4452,153.1273
4173,-27.4741,153.1252
4172,-27.4499,153.1065
4171,-27.4578,153.0629
4170,-27.467,153.0805
4169,-27.4786,153.0414
4165,-27.6354,153.2479
4164,-27.5672,153.2627
4163,-27.5293,153.2674
4161,-27.5378,153.2286
4160,-27.4948,153.2451
4159,-27.4982,153.2073
4158,-27.4827,153.2021
4157,-27.5608,153.2117
4156,-27.5622,153.163
4155,-27.5151,153.158
4154,-27.4893,153.1638
4153,-27.5077,153.1374
4152,-27.5047,153.0999
4151,-27.498,153.0593
4133,-27.7262,153.0909
4132,-27.6791,153.0936
4131,-27.6718,153.1399
4130,-27.6689,153.2362
4129,-27.683,153.1923
4128,-27.6593,153.1762
4127,-27.6267,153.1464
4125,-27.7247,153.0474
4124,-27.715,152.9469
4123,-27.5779,153.1194
4122,-27.542,153.0888
4121,-27.5241,153.057
4120,-27.5058,153.0487
4119,-27.6058,153.1112
4118,-27.6739,153.0393
4117,-27.6365,153.0831
4116,-27.631,153.0593
4115,-27.6289,153.0287
4114,-27.6475,153.1088
4113,-27.588,153.0875
4112,-27.6052,153.0932
4111,-27.5494,153.0536
4110,-27.6137,153.0116
4109,-27.5814,153.0563
4108,-27.5712,153.0196
4107,-27.5467,153.0293
4106,-27.547,153.0081
4105,-27.5336,153.0219
4104,-27.5138,153.0122
4103,-27.5124,153.0311
4102,-27.4929,153.0349
4101,-27.4815,153.0137
4078,-27.62,152.9584
4077,-27.5982,152.9699
4076,-27.582,152.9212
4075,-27.5472,152.9774
4074,-27.5493,152.923
4073,-27.5438,152.9532
4070,-27.5557,152.8774
4069,-27.4988,152.902
4068,-27.5046,152.9856
4067,-27.498,152.9989
4066,-27.4763,152.9606
4065,-27.46,152.9775
4064,-27.4638,152.9996
4061,-27.4451,152.9462
4060,-27.4452,152.9822
4059,-27.4496,153.005
4055,-27.3909,152.9236
4054,-27.4057,152.9589
4053,-27.3967,152.9924
4051,-27.4273,152.99
4037,-27.3408,152.9371
4036,-27.3085,153.0129
4035,-27.3513,152.9785
4034,-27.3554,153.045
4032,-27.384,153.0241
4031,-27.4073,153.0332
4030,-27.4246,153.034
4025,-27.193,153.3939
4022,-27.2119,153.0531
4021,-27.225,153.082
4020,-27.2146,153.0947
4019,-27.2482,153.09
4018,-27.3411,153.0398
4017,-27.3075,153.052
4014,-27.3639,153.0901
4013,-27.3901,153.0706
4012,-27.3955,153.0504
4011,-27.4178,153.0646
4010,-27.4333,153.0442
4009,-27.4371,153.0875
4008,-27.3935,153.1199
4007,-27.4323,153.0648
4006,-27.4491,153.0382
4005,-27.4648,153.0456
4000,-27.4655,153.0211
3996,-38.619,145.7367
3995,-38.5989,145.5961
3992,-38.5323,145.5934
3991,-38.4771,145.4706
3990,-38.449,145.5139
3988,-38.3178,145.8053
3987,-38.3063,145.6807
3984,-38.3195,145.5624
3981,-38.1952,145.6325
3980,-38.2064,145.3777
3979,-38.4776,145.6467
3978,-38.1299,145.3884
3977,-38.1573,145.2708
3976,-38.0425,145.2685
3975,-38.0583,145.2531
3971,-38.5345,146.6102
3967,-38.6586,146.5634
3966,-38.6384,146.415
3965,-38.6863,146.4727
3964,-38.685,146.2684
3962,-38.6075,146.3595
3960,-38.826,146.2174
3959,-38.7572,146.0577
3958,-38.6745,146.004
3957,-38.5952,146.0766
3956,-38.6957,145.8799
3954,-38.5585,145.9531
3953,-38.4587,146.0352
3951,-38.4998,145.7379
3950,-38.4431,145.8282
3946,-38.4148,145.7621
3945,-38.416,145.6656
3944,-38.3238,144.7099
3943,-38.3439,144.7403
3942,-38.3715,144.7739
3941,-38.3982,144.8134
3940,-38.3736,144.8747
3939,-38.4248,144.8945
3938,-38.3548,144.9331
3937,-38.3716,145.0201
3936,-38.3409,144.9855
3934,-38.2738,145.0322
3933,-38.2457,145.1161
3931,-38.228,145.0613
3930,-38.1936,145.0957
3929,-38.4556,144.9851
3928,-38.4061,144.9646
3927,-38.3811,145.1521
3926,-38.3554,145.1035
3925,-38.5291,145.4082
3923,-38.482,145.2742
3922,-38.4882,145.208
3921,-38.351,145.3887
3920,-38.3821,145.1948
3919,-38.3565,145.2028
3918,-38.3384,145.1748
3916,-38.4139,145.0403
3915,-38.297,145.1155
3913,-38.262,145.1924
3912,-38.2158,145.2211
3911,-38.1951,145.1811
3910,-38.1537,145.1972
3909,-37.8173,148.0017
3904,-37.8634,147.8458
3903,-37.8158,147.8723
3902,-37.8192,147.8109
3900,-36.8898,147.9402
3898,-37.0292,147.5485
3896,-37.2214,147.8204
3895,-37.358,147.83
3893,-37.529,147.8212
3892,-37.5223,149.8106
3891,-37.5382,149.5189
3890,-37.4798,149.223
3889,-37.5257,148.8674
3888,-37.3357,148.6998
3887,-37.7443,148.1199
3886,-37.7519,148.4546
3885,-37.2633,148.2623
3882,-37.8079,147.7525
3880,-37.9631,147.7464
3878,-37.896,147.6719
3875,-37.6406,147.6032
3874,-38.5312,146.9144
3873,-38.3035,146.7018
3871,-38.4245,146.1675
3870,-38.4574,146.3808
3869,-38.3668,146.3599
3865,-37.7966,147.4675
3864,-37.8187,147.3187
3862,-37.567,147.2075
3860,-37.7323,146.931
3859,-37.9261,146.8717
3858,-37.6248,146.6186
3857,-38.0325,146.6911
3856,-38.0354,146.5721
3854,-38.1116,146.6095
3852,-38.1031,147.1352
3851,-38.2218,147.1402
3850,-38.1078,147.0535
3847,-38.2053,146.8039
3844,-38.2692,146.5872
3842,-38.3153,146.42
3840,-38.2894,146.3473
3835,-38.2993,146.1805
3833,-37.8632,146.0077
3832,-37.9225,145.9906
3831,-38.0004,146.0182
3825,-37.9193,146.2157
3824,-38.227,146.1703
3823,-38.209,146.0664
3822,-38.2058,146.0082
3821,-38.1075,146.0212
3820,-38.1624,145.9332
3818,-38.1275,145.8497
3816,-38.0907,145.7862
3815,-38.0824,145.7254
3814,-38.0895,145.6682
3813,-38.0551,145.6348
3812,-38.074,145.5646
3810,-38.0672,145.479
3809,-38.0708,145.4068
3808,-37.993,145.4241
3807,-38.0315,145.387
3806,-38.026,145.3476
3805,-38.034,145.3069
3804,-37.9748,145.3201
3803,-38.0071,145.2693
3802,-37.9689,145.2584
3799,-37.6808,145.8021
3797,-37.838,145.7124
3796,-37.787,145.3854
3795,-37.8321,145.4414
3793,-37.8743,145.4259
3792,-37.8911,145.4013
3791,-37.8981,145.3823
3789,-37.8902,145.3595
3788,-37.8531,145.3688
3787,-37.8642,145.3529
3786,-37.8757,145.3324
3785,-37.8784,145.3147
3783,-37.9402,145.6308
3782,-37.918,145.459
3781,-37.924,145.5105
3779,-37.581,146.0016
3778,-37.5569,145.6302
3777,-37.5886,145.513
3775,-37.6211,145.3905
3770,-37.7126,145.4092
3767,-37.8367,145.3514
3766,-37.8171,145.3841
3765,-37.8171,145.3431
3764,-37.1786,144.9033
3763,-37.52,145.3728
3762,-37.3503,144.9309
3761,-37.5794,145.2858
3760,-37.6287,145.2897
3759,-37.6406,145.2475
3758,-37.3614,145.0369
3757,-37.4738,145.1945
3756,-37.4187,144.9519
3755,-37.5468,145.1456
3754,-37.598,145.1102
3753,-37.4756,144.9742
3752,-37.6373,145.086
3751,-37.5453,145.0619
3750,-37.5907,145.0093
3749,-36.3484,146.8741
3747,-36.3684,146.717
3746,-36.3133,146.5308
3744,-36.8074,146.9672
3741,-36.9059,147.0849
3740,-36.8112,146.8642
3739,-36.6366,146.8477
3738,-36.605,146.7846
3737,-36.8293,146.7286
3735,-36.5307,146.5996
3733,-36.7541,146.4216
3732,-36.6792,146.3421
3730,-36.0428,145.9767
3728,-36.1635,145.9373
3727,-36.2343,145.9515
3726,-36.3238,145.9772
3725,-36.3856,145.8662
3723,-37.2325,146.3531
3722,-37.0491,146.1231
3720,-37.0111,145.8648
3719,-37.0464,145.6241
3718,-37.165,145.5242
3717,-37.2788,145.4616
3715,-37.009,145.7466
3714,-37.217,145.7085
3713,-37.3236,145.9767
3712,-37.3532,145.852
3711,-37.4353,145.717
3709,-36.0466,147.6195
3708,-36.0541,147.9211
3707,-36.4163,147.8694
3705,-36.1549,147.8108
3704,-36.1641,147.4595
3701,-36.4739,147.4335
3700,-36.1878,147.2766
3699,-36.8276,147.2936
3698,-36.7633,147.1387
3697,-36.6721,147.1748
3695,-36.3189,147.1354
3691,-36.334,147.0051
3690,-36.1066,146.8303
3688,-36.146,146.7249
3687,-36.003,146.4256
3685,-36.04,146.5345
3683,-36.1757,146.6072
3682,-36.1528,146.448
3678,-36.6417,146.4741
3677,-36.3655,146.312
3675,-36.4604,146.2089
3673,-36.639,146.1587
3672,-36.5705,145.991
3670,-36.6395,145.8687
3669,-36.6821,145.7682
3666,-36.8057,145.6048
3665,-36.8065,145.37
3664,-36.9322,145.313
3663,-36.9246,145.1708
3662,-36.9311,144.9376
3660,-37.049,145.1496
3659,-37.1297,145.1254
3658,-37.2788,145.1705
3649,-36.0678,145.6959
3647,-36.3943,145.7034
3646,-36.258,145.7039
3644,-35.89,145.6488
3641,-35.8901,145.4218
3640,-35.9896,145.4727
3639,-35.9752,145.0468
3638,-36.0049,145.2182
3637,-35.9624,145.2909
3636,-36.1083,145.4834
3635,-36.1395,145.2935
3634,-36.2308,145.4524
3633,-36.2856,145.475
3631,-36.4616,145.4546
3630,-36.4753,145.5996
3629,-36.3014,145.2666
3624,-36.3915,144.9706
3623,-36.4803,144.9409
3622,-36.2344,144.7706
3621,-36.2049,144.9688
3620,-36.2793,145.0912
3618,-36.3651,145.1542
3617,-36.4103,145.1592
3616,-36.4197,145.2499
3614,-36.4962,145.3068
3612,-36.6251,144.9755
3610,-36.6,145.2213
3608,-36.7805,145.125
3607,-36.8555,145.1787
3599,-34.7297,143.0974
3597,-34.8813,143.167
3596,-35.1331,143.2396
3595,-35.1783,143.3346
3594,-35.1461,143.3649
3591,-35.2123,143.3922
3590,-35.224,143.4903
3589,-35.2511,143.4422
3588,-35.2895,143.455
3586,-35.4013,143.6858
3585,-35.389,143.4221
3584,-35.4717,143.6212
3583,-35.498,143.6872
3581,-35.5972,143.8237
3580,-35.6439,144.0948
3579,-35.7108,143.8551
3576,-36.1201,143.9184
3575,-36.0729,144.1142
3573,-36.1783,144.3353
3572,-36.3491,144.3692
3571,-36.387,144.1881
3570,-36.4985,144.2569
3568,-35.8094,144.2368
3567,-35.9164,144.268
3566,-35.9438,144.3403
3565,-36.1866,144.5263
3564,-36.1372,144.7062
3563,-36.2664,144.4974
3562,-36.0297,144.5193
3561,-36.3409,144.6819
3559,-36.5696,144.7839
3558,-36.5025,144.5999
3557,-36.6359,144.4995
3556,-36.654,144.1821
3555,-36.805,144.2391
3551,-36.7567,144.5321
3550,-36.7638,144.2934
3549,-34.7363,142.7851
3546,-35.0857,142.9003
3544,-35.4614,143.2261
3542,-35.6956,143.4707
3540,-35.8536,143.538
3537,-36.0646,143.7092
3533,-35.3963,142.7779
3531,-35.6206,142.9646
3530,-35.7322,143.0552
3529,-35.8473,143.1808
3527,-35.9958,143.324
3525,-36.255,143.4227
3523,-36.8771,144.7417
3522,-37.0455,144.8237
3521,-37.1105,144.8506
3520,-36.3625,143.7718
3518,-36.43,143.6401
3517,-36.4429,143.9442
3516,-36.6182,143.9873
3515,-36.8034,144.0756
3512,-35.1448,141.124
3509,-35.1383,141.7457
3507,-35.105,142.0421
3506,-35.1927,141.3646
3505,-34.1838,141.8931
3501,-34.7113,142.2809
3500,-34.2107,142.1354
3498,-34.2454,142.1814
3496,-34.2668,141.3299
3494,-34.526,142.2286
3491,-35.4175,142.1589
3490,-35.1423,142.4302
3489,-35.2904,142.4375
3488,-35.4378,142.4773
3487,-35.5636,142.6076
3485,-35.6936,142.7134
3483,-35.9237,142.8622
3482,-36.1383,142.8441
3480,-36.3321,142.9691
3478,-37.0458,143.3152
3477,-36.6898,143.2078
3475,-36.7365,143.502
3472,-36.817,143.6673
3469,-37.1788,143.2553
3468,-37.2267,143.4129
3467,-37.0703,143.4801
3465,-37.0282,143.6306
3464,-37.0307,143.8373
3463,-36.9143,143.9953
3462,-37.1163,144.0761
3461,-37.3203,144.2315
3460,-37.3411,144.1554
3458,-37.4723,144.3611
3453,-36.9334,144.2143
3451,-37.1153,144.2219
3450,-37.0598,144.2238
3448,-37.0472,144.3968
3447,-37.1408,144.3444
3446,-37.1862,144.3545
3444,-37.1261,144.5955
3442,-37.3481,144.5555
3441,-37.39,144.5856
3440,-37.4243,144.5642
3438,-37.4502,144.6086
3437,-37.491,144.5559
3435,-37.2197,144.7324
3434,-37.3524,144.7647
3433,-37.3936,144.785
3432,-37.4376,144.7762
3431,-37.4469,144.679
3430,-37.484,144.8078
3429,-37.5534,144.7463
3428,-37.6298,144.8031
3427,-37.614,144.6822
3424,-35.7977,141.988
3423,-36.1265,141.9874
3420,-36.1917,141.0233
3419,-36.4074,141.2945
3418,-36.283,141.6333
3415,-36.3706,141.3824
3414,-36.3424,142.0514
3413,-36.7065,141.1802
3412,-36.6549,141.4722
3409,-36.8437,141.7859
3407,-37.2876,141.771
3401,-36.8253,142.2589
3400,-36.7177,142.1962
3396,-35.7112,142.3302
3395,-35.902,142.392
3393,-36.2245,142.4002
3392,-36.4308,142.6225
3391,-36.0608,142.4438
3390,-36.5528,142.4843
3388,-36.6419,142.6854
3387,-36.8159,142.8637
3385,-36.8719,142.5886
3384,-36.989,143.1253
3381,-37.1757,142.6028
3380,-37.0447,142.7697
3379,-37.6008,142.6957
3378,-37.4999,143.0298
3377,-37.2952,142.8908
3375,-37.3871,143.1104
3374,-37.1644,142.8868
3373,-37.4591,143.3509
3371,-37.2127,143.673
3370,-37.2569,143.8083
3364,-37.2694,143.9986
3363,-37.4075,143.8813
3361,-37.727,143.296
3360,-37.7647,143.51
3358,-37.578709,143.79364
3357,-37.6479,143.8932
3356,-37.5951,143.8347
3355,-37.5262,143.8272
3352,-37.5067,143.9732
3351,-37.6825,142.9579
3350,-37.5838,143.8753
3345,-37.5712,144.1075
3342,-37.6404,144.2409
3341,-37.5862,144.3423
3340,-37.7227,144.3937
3338,-37.7633,144.5485
3337,-37.6277,144.5901
3336,-37.716286,144.714494
3335,-37.696,144.6749
3334,-37.745,144.0634
3333,-37.8886,144.0314
3332,-37.9503,144.089
3331,-37.967,144.1968
3330,-37.9263,143.7427
3329,-37.9798,143.8793
3328,-38.0223,144.0479
3325,-37.9187,143.1814
3324,-37.9373,143.3512
3323,-38.0038,143.5141
3322,-38.0359,143.6593
3321,-38.0983,143.9342
3319,-36.9326,141.0912
3318,-37.0222,141.3142
3317,-37.1431,141.6235
3315,-37.4596,141.7313
3314,-37.4068,142.1549
3312,-37.4901,141.4632
3311,-37.5707,141.3376
3310,-37.7355,141.5613
3309,-37.8126,141.54
3305,-38.2357,141.5022
3304,-38.0053,141.2888
3303,-37.9826,141.5774
3302,-37.8345,141.7384
3301,-37.7766,142.183
3300,-37.7905,142.0028
3294,-37.6046,142.2697
3293,-37.7264,142.554
3292,-38.0775,141.1416
3289,-37.8957,142.2746
3287,-38.043,142.3046
3286,-38.0322,142.0258
3285,-38.2656,141.9913
3284,-38.2665,142.1292
3283,-38.2277,142.2538
3282,-38.2989,142.3671
3281,-38.2672,142.5318
3280,-38.3699,142.4865
3279,-38.1858,142.6134
3278,-38.2746,142.6125
3277,-38.4231,142.6613
3276,-38.1156,142.4741
3275,-38.2895,142.4704
3274,-37.9528,142.5347
3273,-37.9978,142.6865
3272,-37.9716,142.8501
3271,-37.8941,143.0064
3270,-38.5893,142.8919
3269,-38.6353,143.1511
3268,-38.521,142.9456
3267,-38.4567,143.0755
3266,-38.4053,143.1528
3265,-38.2461,142.7319
3264,-38.2468,142.8769
3260,-38.2408,143.2189
3254,-38.2941,143.5276
3251,-38.1492,143.6698
3250,-38.3587,143.5782
3249,-38.3932,143.4227
3243,-38.4645,143.7461
3242,-38.343,143.8234
3241,-38.2721,143.9462
3240,-38.2576,144.1234
3239,-38.583,143.4096
3238,-38.7342,143.4681
3237,-38.6454,143.5523
3236,-38.5121,143.704
3235,-38.4359,143.9371
3234,-38.6406,143.8253
3233,-38.7677,143.6073
3232,-38.5232,143.9213
3231,-38.462,144.0649
3230,-38.3763,144.1541
3228,-38.3403,144.2627
3227,-38.2563,144.4211
3226,-38.2601,144.5322
3225,-38.2444,144.6214
3224,-38.1794,144.4536
3223,-38.1641,144.6818
3222,-38.1999,144.57
3221,-38.1503,144.1889
3220,-38.1575,144.3459
3219,-38.17,144.3873
3218,-38.1107,144.2263
3217,-38.2416,144.278
3216,-38.1802,144.3264
3215,-38.1053,144.3346
3214,-38.0773,144.361
3213,-37.9923,144.2968
3212,-38.0254,144.46
3211,-37.9356,144.4695
3207,-37.8347,144.9233
3206,-37.8464,144.9603
3205,-37.8337,144.9605
3204,-37.916,145.0375
3202,-37.9555,145.0896
3201,-38.0971,145.1761
3200,-38.1267,145.1678
3199,-38.1625,145.1317
3198,-38.1057,145.1422
3197,-38.0684,145.1457
3196,-38.0498,145.128
3195,-38.0087,145.1122
3194,-37.9821,145.0813
3193,-37.979,145.0351
3192,-37.9617,145.0564
3191,-37.9538,145.0144
3190,-37.9505,145.0399
3189,-37.9414,145.0582
3188,-37.9375,145.0169
3187,-37.9164,145.0152
3186,-37.9079,144.9969
3185,-37.887,145.0072
3184,-37.8808,144.9855
3183,-37.868,145
3182,-37.8639,144.9811
3181,-37.8525,144.9966
3180,-37.8864,145.2487
3179,-37.9052,145.2186
3178,-37.926,145.2363
3177,-37.9849,145.24
3175,-38.0089,145.2209
3174,-37.9609,145.1812
3173,-38.0064,145.1666
3172,-37.9743,145.1355
3171,-37.9439,145.1632
3170,-37.9215,145.1654
3169,-37.9438,145.1186
3168,-37.9151,145.1313
3167,-37.9269,145.0912
3166,-37.9002,145.1
3165,-37.9222,145.0669
3163,-37.8947,145.0566
3162,-37.8914,145.0256
3161,-37.871,145.0219
3160,-37.9272,145.3482
3159,-37.9204,145.3914
3158,-37.9039,145.3242
3156,-37.9165,145.2956
3155,-37.8538,145.29
3154,-37.856,145.3226
3153,-37.8371,145.2697
3152,-37.8635,145.2265
3151,-37.8539,145.1475
3150,-37.8922,145.1724
3149,-37.8786,145.1284
3148,-37.8831,145.0995
3147,-37.8665,145.0934
3146,-37.8563,145.0678
3145,-37.8779,145.0632
3144,-37.8552,145.0348
3143,-37.8576,145.0197
3142,-37.8409,145.0181
3141,-37.8382,144.9915
3140,-37.7622,145.3716
3139,-37.8088,145.5198
3138,-37.7803,145.3249
3137,-37.8192,145.3148
3136,-37.7918,145.282
3135,-37.8182,145.2538
3134,-37.7924,145.2387
3133,-37.8479,145.1905
3132,-37.8166,145.1997
3131,-37.8284,145.1778
3130,-37.823,145.1517
3129,-37.8041,145.1231
3128,-37.8293,145.1246
3127,-37.8236,145.1
3126,-37.8243,145.0772
3125,-37.8486,145.1145
3124,-37.8356,145.0745
3123,-37.8321,145.0498
3122,-37.8286,145.0344
3121,-37.8222,145.0025
3116,-37.7423,145.3136
3115,-37.7346,145.2654
3114,-37.7756,145.2116
3113,-37.7417,145.2109
3111,-37.7863,145.1862
3109,-37.7742,145.1705
3108,-37.7829,145.1221
3107,-37.7642,145.1141
3106,-37.7563,145.1449
3105,-37.767,145.0885
3104,-37.7908,145.0846
3103,-37.8098,145.0806
3102,-37.7906,145.0525
3101,-37.8014,145.0411
3099,-37.583,145.2237
3097,-37.6884,145.229
3096,-37.671,145.188
3095,-37.7137,145.1678
3094,-37.7207,145.1235
3093,-37.7387,145.1202
3091,-37.638,145.1365
3090,-37.6655,145.1126
3089,-37.6615,145.1548
3088,-37.6996,145.1108
3087,-37.7031,145.083
3085,-37.7217,145.0828
3084,-37.7487,145.0779
3083,-37.7029,145.0559
3082,-37.6641,145.0628
3081,-37.7426,145.0466
3079,-37.768,145.0416
3078,-37.7844,145.0222
3076,-37.6384,145.016
3075,-37.6618,145.0043
3074,-37.6832,145.0068
3073,-37.7125,145.0022
3072,-37.7412,145.0067
3071,-37.7585,145.005
3070,-37.7721,145.0008
3068,-37.7849,144.9866
3067,-37.8039,145
3066,-37.8019,144.9882
3065,-37.801,144.9791
3064,-37.5718,144.9193
3063,-37.5801,144.8483
3062,-37.6338,144.9475
3061,-37.6661,144.9613
3060,-37.7048,144.9696
3059,-37.6342,144.8733
3058,-37.7373,144.9658
3057,-37.7686,144.978
3056,-37.7669,144.9605
3055,-37.7635,144.9442
3054,-37.7855,144.9682
3053,-37.8,144.9693
3052,-37.7873,144.9496
3051,-37.7969,144.9437
3049,-37.6743,144.8909
3048,-37.6534,144.925
3047,-37.6795,144.9287
3046,-37.7086,144.9295
3045,-37.6757,144.835
3044,-37.7339,144.9382
3043,-37.7013,144.887
3042,-37.7293,144.8809
3041,-37.727,144.9063
3040,-37.7515,144.9035
3039,-37.7653,144.9199
3038,-37.7044,144.7892
3037,-37.6962,144.749
3036,-37.6988,144.8232
3034,-37.7628,144.863
3033,-37.7382,144.8582
3032,-37.7727,144.8987
3031,-37.7913,144.9198
3030,-37.9369,144.6705
3029,-37.8187,144.7122
3028,-37.8725,144.7713
3027,-37.8632,144.7444
3026,-37.8332,144.7881
3025,-37.8387,144.8314
3024,-37.835,144.5908
3023,-37.7495,144.7405
3022,-37.7756,144.801
3021,-37.7464,144.7992
3020,-37.7817,144.8291
3019,-37.7848,144.8555
3018,-37.8623,144.824
3016,-37.8603,144.8884
3015,-37.8401,144.8811
3013,-37.818,144.8827
3012,-37.7988,144.8709
3011,-37.8008,144.8959
3008,-37.8176,144.9381
3006,-37.8253,144.9593
3004,-37.8353,144.974
3003,-37.8108,144.9204
3002,-37.8155,144.9827
3000,-37.8111,144.9646
2914,-35.1777,149.1632
2913,-35.1658,149.0939
2912,-35.1878,149.1327
2911,-35.2133,149.1296
2906,-35.4579,149.0928
2905,-35.4331,149.098
2904,-35.4069,149.1162
2903,-35.3999,149.0901
2902,-35.3866,149.0632
2900,-35.4149,149.0645
2880,-31.0949,141.878
2879,-32.3717,142.7695
2878,-32.7542,144.3702
2877,-32.8817,146.5254
2876,-33.1089,147.8302
2875,-32.9593,147.6539
2874,-32.5637,147.5838
2873,-32.2986,147.3183
2871,-33.4575,147.8064
2870,-33.0811,148.2403
2869,-32.6404,148.0501
2868,-32.7383,148.6156
2867,-32.8905,148.6261
2866,-33.0218,148.9109
2865,-33.1609,148.6334
2864,-33.3227,148.6792
2852,-32.2687,149.5009
2850,-32.6039,149.5244
2849,-32.714,150.1114
2848,-32.9243,149.9614
2847,-33.3573,149.9718
2846,-33.1166,150.0256
2845,-33.4251,150.0495
2844,-32.0418,149.338
2843,-31.7852,149.7651
2842,-31.7293,149.1696
2840,-30.0365,144.6388
2839,-29.9122,146.9731
2838,-29.3112,147.4042
2836,-31.215,143.393
2835,-31.7492,145.4299
2834,-29.336,147.9658
2833,-29.4259,148.4024
2832,-29.9303,148.0875
2831,-31.0163,146.9115
2830,-32.2231,148.5744
2829,-30.7809,148.3813
2828,-31.2174,148.6862
2827,-31.6506,148.5749
2826,-31.9362,147.5713
2825,-31.7836,147.1569
2824,-31.3271,147.8667
2823,-32.0285,147.9196
2822,-31.9054,148.6664
2821,-32.1957,148.143
2820,-32.5298,148.9967
2818,-32.4381,148.76
2817,-31.4556,148.908
2810,-33.8757,147.9566
2809,-34.043,148.3863
2808,-33.9795,148.9314
2807,-34.0118,148.5614
2806,-33.4202,148.3569
2805,-33.6642,148.4532
2804,-33.5426,148.6316
2803,-34.1469,148.5095
2800,-33.2961,149.0952
2799,-33.621,149.2577
2798,-33.4303,149.0873
2797,-33.7336,149.0373
2795,-33.5224,149.6158
2794,-33.9101,148.56
2793,-33.8026,148.8957
2792,-33.6748,149.0824
2791,-33.5852,149.13
2790,-33.5409,150.0867
2787,-33.8922,150.3355
2786,-33.587,150.4006
2785,-33.7014,150.2382
2784,-33.7269,150.4095
2783,-33.7181,150.4322
2782,-33.7294,150.3886
2780,-33.7018,150.3107
2779,-33.7281,150.4567
2778,-33.7218,150.4886
2777,-33.6922,150.6048
2776,-33.6851,150.5507
2775,-33.3397,150.9811
2774,-33.7377,150.6191
2773,-33.7661,150.6277
2770,-33.7581,150.8116
2769,-33.7089,150.9064
2768,-33.7307,150.9311
2767,-33.7668,150.8727
2766,-33.796,150.8305
2765,-33.6435,150.8917
2763,-33.7283,150.8924
2762,-33.7042,150.8746
2761,-33.7388,150.8478
2760,-33.7526,150.7782
2759,-33.8056,150.7928
2758,-33.4873,150.675
2757,-33.5493,150.6945
2756,-33.3376,150.7275
2754,-33.5565,150.7395
2753,-33.6179,150.7072
2752,-33.9195,150.5999
2750,-33.7508,150.6791
2749,-33.6881,150.6913
2748,-33.8062,150.7335
2747,-33.733,150.7399
2745,-33.8622,150.6916
2739,-33.9689,142.3956
2738,-34.3108,142.5422
2737,-34.3805,143.0046
2736,-34.9749,143.3596
2735,-35.2308,143.6212
2734,-35.1105,143.6565
2733,-35.0884,143.9295
2732,-35.5397,144.1429
2731,-35.8809,144.6003
2730,-35.5538,148.1027
2729,-35.3129,147.9702
2727,-34.9683,148.3212
2726,-34.7944,148.3474
2725,-34.4494,147.8675
2722,-34.9675,147.9632
2721,-34.0252,147.7186
2720,-35.4485,148.3824
2717,-34.1095,142.1008
2716,-35.0052,145.4974
2715,-34.0853,143.4861
2714,-35.7395,145.3665
2713,-35.5883,145.4543
2712,-35.7639,145.8695
2711,-34.0085,144.6125
2710,-35.3601,144.9914
2707,-34.8856,145.8745
2706,-34.6565,146.0976
2705,-34.4971,146.342
2703,-34.6307,146.4084
2702,-34.808,147.0218
2701,-34.7154,147.2331
2700,-34.9408,146.2482
2681,-34.2056,146.1603
2680,-34.3404,146.0137
2678,-35.0577,147.3545
2675,-33.2079,145.462
2672,-33.3863,146.2995
2671,-33.7807,147.2378
2669,-33.6899,146.6132
2668,-34.1216,147.3561
2666,-34.4493,147.5632
2665,-34.2722,146.7907
2663,-34.8836,147.664
2661,-35.1569,147.2864
2660,-35.6789,147.0913
2659,-35.7048,146.8648
2658,-35.4969,146.9542
2656,-35.2993,146.7178
2655,-35.2673,147.0325
2653,-35.7459,148.0251
2652,-33.9501,145.721
2651,-35.1389,147.4655
2650,-35.2783,147.4121
2649,-35.7904,148.2862
2648,-33.4677,141.9297
2647,-35.9848,145.9878
2646,-35.6877,146.2862
2645,-35.3504,146.2266
2644,-35.7664,147.4538
2643,-35.96,146.6118
2642,-36.2224,148.2279
2641,-36.0292,146.9262
2640,-35.9942,146.996
2633,-36.9552,148.8283
2632,-36.972,149.2046
2631,-36.5459,149.3393
2630,-36.303,149.1479
2629,-35.8656,148.6401
2628,-36.53,148.8146
2627,-36.5906,148.5172
2626,-35.9013,149.1615
2625,-36.5219,148.3483
2624,-36.3145,148.4985
2623,-35.5722,149.4239
2622,-35.3905,149.8128
2621,-35.3419,149.4662
2620,-35.434,149.241
2619,-35.3835,149.1985
2618,-35.0913,149.0906
2617,-35.2282,149.0915
2615,-35.2124,149.0293
2614,-35.2519,149.0532
2612,-35.2832,149.1489
2611,-35.4521,148.7433
2609,-35.3012,149.2136
2607,-35.3692,149.1007
2606,-35.3467,149.0844
2605,-35.3316,149.0886
2604,-35.3351,149.1489
2603,-35.3293,149.1219
2602,-35.2491,149.1391
2601,-35.2881,149.0635
2600,-35.3064,149.1135
2594,-34.2464,148.102
2590,-34.6624,147.9496
2588,-34.5044,148.1246
2587,-34.5819,148.3618
2586,-34.3431,148.6992
2585,-34.5648,148.5775
2584,-34.6565,148.6577
2583,-34.2341,149.3537
2582,-34.908,148.8669
2581,-34.7772,149.3163
2580,-34.6427,149.6706
2579,-34.6426,150.002
2578,-34.6549,150.3091
2577,-34.6047,150.5205
2576,-34.5135,150.6027
2575,-34.3663,150.3501
2574,-34.3914,150.6558
2573,-34.2325,150.5814
2572,-34.1942,150.5038
2571,-34.1966,150.6507
2570,-34.081,150.5746
2569,-34.1813,150.7144
2568,-34.1337,150.7226
2567,-34.0479,150.7545
2566,-34.0186,150.8407
2565,-33.9902,150.8474
2564,-33.9993,150.8963
2563,-34.0997,150.7569
2560,-34.2141,150.8102
2559,-34.0503,150.7995
2558,-34.03,150.8075
2557,-33.9748,150.7603
2556,-33.9298,150.7257
2555,-33.8912,150.7441
2551,-37.2241,149.8632
2550,-36.8353,149.7311
2549,-36.9587,149.8317
2548,-36.8392,149.8791
2546,-36.3209,150.0041
2545,-36.1009,149.8439
2541,-34.8942,150.6014
2540,-34.9857,150.4976
2539,-35.4016,150.1584
2538,-35.3879,150.367
2537,-35.8923,149.8246
2536,-35.7017,150.059
2535,-34.7481,150.6655
2534,-34.7408,150.7844
2533,-34.6569,150.7802
2530,-34.5083,150.7607
2529,-34.5981,150.8699
2528,-34.5542,150.8522
2527,-34.5808,150.7503
2526,-34.3986,150.7779
2525,-34.4308,150.8468
2519,-34.3942,150.8829
2518,-34.3729,150.8965
2517,-34.3497,150.9091
2516,-34.3321,150.9076
2515,-34.2875,150.9424
2508,-34.1792,150.9723
2506,-34.4815,150.8429
2505,-34.4686,150.888
2502,-34.4909,150.8833
2500,-34.4286,150.882
2490,-28.2707,153.4822
2489,-28.3853,153.5578
2488,-28.3323,153.547
2487,-28.252,153.5453
2486,-28.2147,153.4515
2485,-28.1832,153.5134
2484,-28.3873,153.2781
2483,-28.4841,153.4929
2482,-28.5557,153.4329
2481,-28.6436,153.581
2480,-28.7521,153.2555
2479,-28.6929,153.5381
2478,-28.8436,153.5259
2477,-28.8782,153.4251
2476,-28.3958,152.3929
2475,-28.5366,152.3899
2474,-28.5205,152.9319
2473,-29.1329,153.4146
2472,-29.1201,153.2999
2471,-29.0373,153.2183
2470,-28.8653,152.9956
2469,-28.9064,152.6169
2466,-29.3333,153.3274
2465,-29.413,153.2465
2464,-29.4827,153.341
2463,-29.4626,153.25
2462,-29.6755,153.1434
2460,-29.6311,152.7655
2456,-30.0751,153.1422
2455,-30.5185,152.9965
2454,-30.4415,152.7319
2453,-30.2577,152.5926
2452,-30.3552,153.0863
2450,-30.1667,152.9646
2449,-30.6297,152.7484
2448,-30.6103,152.9672
2447,-30.7228,152.862
2446,-31.3556,152.4506
2445,-31.5815,152.8038
2444,-31.412,152.8692
2443,-31.7263,152.6748
2441,-31.2475,152.6796
2440,-30.9064,152.4614
2439,-31.6174,152.6216
2431,-30.9172,153.0476
2430,-31.8834,152.5156
2429,-31.8719,152.3389
2428,-32.2326,152.4738
2427,-31.807,152.726
2426,-31.8127,152.5834
2425,-32.4405,152.0144
2424,-31.6972,152.047
2423,-32.3574,152.2625
2422,-31.9355,151.8074
2421,-32.542,151.556
2420,-32.3206,151.724
2415,-32.26,151.8786
2411,-29.1069,150.3289
2410,-28.9037,150.819
2409,-28.7068,150.223
2408,-29.0188,150.4612
2406,-28.995,148.8754
2405,-28.9315,149.6156
2404,-29.9122,150.5575
2403,-29.6647,150.7777
2402,-29.374,150.5806
2401,-29.6112,150.3301
2400,-29.3605,149.3781
2399,-29.4689,150.1423
2398,-29.7716,149.8458
2397,-29.9205,149.6371
2396,-30.9248,149.1924
2395,-31.5885,149.4857
2390,-30.2489,149.8831
2388,-30.3494,149.0412
2387,-29.7731,148.9215
2386,-30.0732,148.9333
2382,-30.6399,150.1758
2381,-31.3009,150.3488
2380,-30.9178,150.2023
2379,-31.1225,149.8321
2372,-28.9313,152.177
2371,-29.3759,151.5745
2370,-29.7198,151.9256
2369,-29.9425,151.2559
2365,-30.1186,151.5244
2361,-29.277,151.1507
2360,-29.6688,151.1516
2359,-30.2207,151.0425
2358,-30.5917,151.3557
2357,-31.2454,149.2175
2356,-30.5815,148.9596
2355,-30.7659,151.1296
2354,-31.1614,151.8232
2353,-30.9511,151.0524
2352,-31.103,151.1533
2350,-30.4723,151.8592
2347,-30.3195,150.574
2346,-30.6759,150.7031
2345,-30.8957,150.8252
2344,-31.1647,150.7098
2343,-31.4974,150.4649
2342,-31.1736,150.5571
2341,-31.35,150.6688
2340,-31.2612,151.1199
2339,-31.705,150.5487
2338,-31.7416,150.9537
2337,-31.8595,151.2694
2336,-32.1376,151.1458
2335,-32.6187,151.341
2334,-32.6921,151.3849
2333,-32.4144,150.4685
2331,-32.68,151.18
2330,-32.6521,150.9652
2329,-32.0779,150.1466
2328,-32.5638,150.6796
2327,-32.8272,151.4796
2326,-32.7907,151.4525
2325,-32.9423,151.2139
2324,-32.6668,151.7433
2323,-32.8646,151.4997
2322,-32.8104,151.6705
2321,-32.5763,151.7732
2320,-32.7036,151.5492
2319,-32.7515,151.9903
2318,-32.7606,151.8779
2317,-32.7231,152.0746
2316,-32.7645,152.0644
2315,-32.7383,152.1533
2312,-32.1226,152.3808
2311,-32.252,151.4469
2308,-32.8906,151.7048
2307,-32.8747,151.6922
2306,-32.9931,151.6794
2305,-32.9254,151.7063
2304,-32.8677,151.7458
2303,-32.9257,151.748
2302,-32.9279,151.7626
2300,-32.93,151.7761
2299,-32.9085,151.7058
2298,-32.9041,151.7219
2297,-32.9076,151.752
2296,-32.9146,151.7491
2295,-32.8845,151.7979
2294,-32.9137,151.7648
2293,-32.9167,151.7565
2292,-32.9208,151.731
2291,-32.9474,151.7421
2290,-32.9859,151.707
2289,-32.9438,151.7084
2287,-32.8944,151.6512
2286,-32.8993,151.5691
2285,-32.9253,151.6347
2284,-32.9589,151.6142
2283,-33.021,151.5618
2282,-32.9795,151.6553
2281,-33.1192,151.6304
2280,-33.0324,151.6734
2278,-32.9452,151.5464
2267,-33.0715,151.585
2265,-33.0495,151.4258
2264,-33.1079,151.4731
2263,-33.2716,151.5534
2262,-33.2046,151.5248
2261,-33.3589,151.4345
2260,-33.4272,151.4286
2259,-33.1847,151.3697
2258,-33.315,151.3497
2257,-33.5183,151.3717
2256,-33.5085,151.2735
2251,-33.4856,151.4118
2250,-33.3011,151.1875
2234,-34.0187,151.0133
2233,-34.0864,150.9964
2232,-34.0908,151.0648
2231,-34.021,151.2132
2230,-34.055,151.1384
2229,-34.0407,151.1229
2228,-34.0396,151.1017
2227,-34.0407,151.085
2226,-34.0097,151.0607
2225,-34.0052,151.0773
2224,-34.0113,151.1029
2223,-33.9777,151.074
2222,-33.9647,151.0874
2221,-33.9864,151.1051
2220,-33.9671,151.1049
2219,-33.9948,151.137
2218,-33.9717,151.1196
2217,-33.9721,151.1414
2216,-33.9546,151.1474
2214,-33.9436,150.9821
2213,-33.9631,150.9957
2212,-33.9524,151.0128
2211,-33.9586,151.0315
2210,-33.9623,151.0567
2209,-33.9483,151.0773
2208,-33.9397,151.0986
2207,-33.9481,151.1199
2206,-33.9248,151.1287
2205,-33.9363,151.1495
2204,-33.9123,151.1549
2203,-33.9045,151.1385
2200,-33.9218,151.0129
2199,-33.9052,151.0219
2198,-33.9077,150.9896
2197,-33.9003,150.9988
2196,-33.9301,151.0515
2195,-33.9195,151.073
2194,-33.9146,151.1037
2193,-33.9096,151.1252
2192,-33.9195,151.0904
2191,-33.904,151.0855
2190,-33.9007,151.0537
2179,-33.9532,150.8158
2178,-33.8693,150.813
2177,-33.8932,150.8795
2176,-33.8686,150.8831
2175,-33.8424,150.8506
2174,-33.96,150.8594
2173,-34.0657,150.9314
2172,-33.9662,150.9799
2171,-33.9146,150.8421
2170,-33.9307,150.918
2168,-33.9125,150.8804
2167,-33.9711,150.893
2166,-33.8925,150.935
2165,-33.8688,150.9386
2164,-33.8445,150.9194
2163,-33.8877,150.9779
2162,-33.8818,151.0043
2161,-33.8571,150.9812
2160,-33.8361,150.979
2159,-33.6258,151.0703
2158,-33.6714,151.036
2157,-33.5225,151.0301
2156,-33.6509,150.9667
2155,-33.6952,150.9458
2154,-33.729,150.9999
2153,-33.7539,150.9797
2152,-33.7838,150.9986
2151,-33.7848,151.0168
2150,-33.8155,151.0082
2148,-33.7724,150.9015
2147,-33.768,150.9391
2146,-33.792,150.9606
2145,-33.8146,150.9555
2144,-33.8579,151.0261
2143,-33.8874,151.0276
2142,-33.8428,151.0106
2141,-33.8649,151.0443
2140,-33.8609,151.0729
2138,-33.8395,151.088
2137,-33.8518,151.1056
2136,-33.8965,151.0743
2135,-33.8793,151.0806
2134,-33.8781,151.104
2133,-33.8973,151.1023
2132,-33.8808,151.1156
2131,-33.8908,151.1248
2130,-33.8935,151.1378
2128,-33.8338,151.0431
2127,-33.8384,151.0668
2126,-33.7219,151.0443
2125,-33.7477,151.0328
2122,-33.7803,151.1019
2121,-33.7693,151.0768
2120,-33.7235,151.0713
2119,-33.7535,151.0668
2118,-33.7752,151.0437
2117,-33.7972,151.0381
2116,-33.8126,151.0399
2115,-33.8104,151.0592
2114,-33.8078,151.0857
2113,-33.7891,151.1306
2112,-33.8133,151.1152
2111,-33.8294,151.1227
2110,-33.8298,151.1384
2108,-33.5975,151.2805
2107,-33.6289,151.3273
2106,-33.6587,151.316
2105,-33.6292,151.2534
2104,-33.661,151.2929
2103,-33.677,151.3041
2102,-33.6892,151.2936
2101,-33.6854,151.2726
2100,-33.7497,151.2586
2099,-33.7422,151.2802
2097,-33.7351,151.2967
2096,-33.7747,151.2838
2095,-33.8034,151.2935
2094,-33.796,151.2735
2093,-33.7975,151.2604
2092,-33.7911,151.2432
2090,-33.8329,151.2261
2089,-33.8371,151.2173
2088,-33.8285,151.2476
2087,-33.7666,151.2161
2086,-33.7513,151.2335
2085,-33.7244,151.2103
2084,-33.6669,151.2111
2083,-33.581,151.2174
2082,-33.6196,151.1365
2081,-33.5795,151.1648
2080,-33.6432,151.1307
2079,-33.665,151.1155
2077,-33.6711,151.0936
2076,-33.7151,151.1225
2075,-33.7198,151.1692
2074,-33.7111,151.1497
2073,-33.7527,151.1308
2072,-33.7575,151.1497
2071,-33.765,151.1646
2070,-33.7764,151.1667
2069,-33.7801,151.1927
2068,-33.8003,151.2124
2067,-33.7959,151.175
2066,-33.8175,151.1624
2065,-33.8278,151.1955
2064,-33.812,151.1848
2063,-33.8114,151.2174
2062,-33.8232,151.2138
2061,-33.8477,151.2145
2060,-33.8397,151.2042
2050,-33.8886,151.1772
2049,-33.8947,151.1515
2048,-33.8935,151.1649
2047,-33.8519,151.1528
2046,-33.8592,151.1378
2045,-33.8798,151.1389
2044,-33.9208,151.1683
2043,-33.9023,151.1867
2042,-33.8999,151.1732
2041,-33.8551,151.1778
2040,-33.8759,151.1587
2039,-33.8645,151.1734
2038,-33.8797,151.1717
2037,-33.8782,151.186
2036,-33.9706,151.2361
2035,-33.9449,151.2443
2034,-33.9242,151.2528
2033,-33.9126,151.2191
2032,-33.926,151.2304
2031,-33.9186,151.2423
2030,-33.858,151.2774
2029,-33.8746,151.2674
2028,-33.8791,151.2439
2027,-33.8741,151.2369
2026,-33.8893,151.2726
2025,-33.8857,151.2417
2024,-33.9035,151.2607
2023,-33.8797,151.255
2022,-33.8963,151.2462
2021,-33.8918,151.2292
2020,-33.947,151.1767
2019,-33.9541,151.2088
2018,-33.9252,151.2078
2017,-33.9036,151.2083
2016,-33.8933,151.2072
2015,-33.9067,151.1954
2011,-33.8674,151.2254
2010,-33.8828,151.2136
2009,-33.8691,151.1926
2008,-33.8888,151.1951
2007,-33.8793,151.1979
2000,-33.8697,151.2097
886,-12.6708,132.8368
885,-13.849,136.4196
880,-12.2031,136.7629
875,-23.6966,133.8266
874,-23.6746,133.9187
873,23.45398,133.856357
872,-23.302,130.2994
870,-23.7443,133.8372
862,-18.2327,133.8078
860,-19.6585,134.1911
854,-16.067,136.3099
853,-14.5242,132.3806
852,-17.2146,131.0527
850,-14.4374,132.2823
847,-13.8619,131.8262
846,-13.1786,131.1488
845,-13.0882,131.0469
841,-12.823,130.964
840,-12.7275,130.4349
839,-12.5176,131.039
838,-12.7225,131.0044
837,-12.814,131.1762
836,-12.5549,131.1484
835,-12.468,131.0664
834,-12.5416,131.0192
832,-12.5137,130.9956
830,-12.3661,131.0796
829,-12.4552,130.9986
828,-12.4296,130.9405
822,-13.011,132.5308
820,-12.4287,130.8485
812,-12.3726,130.915
810,-12.3661,130.8784
800,-12.4626,130.8428
