,Postcode,Population
0,2000,27936
1,2007,7410
2,2008,10400
3,2009,12658
4,2010,26443
5,2011,18187
6,2015,11422
7,2016,13072
8,2017,29003
9,2018,19878
10,2019,13467
11,2020,21591
12,2021,14946
13,2022,13509
14,2023,10590
15,2024,11380
16,2025,7189
17,2026,32693
18,2027,7810
19,2028,4709
20,2029,9911
21,2030,14434
22,2031,33830
23,2032,14643
24,2033,11927
25,2034,20249
26,2035,34602
27,2036,33767
28,2037,16641
29,2038,9487
30,2039,8553
31,2040,22803
32,2041,15584
33,2042,18673
34,2043,9657
35,2044,8278
36,2045,6480
37,2046,27288
38,2047,12011
39,2048,7619
40,2049,12258
41,2050,9381
42,2060,15135
43,2061,6158
44,2062,7088
45,2063,6493
46,2064,9417
47,2065,31698
48,2066,33844
49,2067,27078
50,2068,17450
51,2069,14604
52,2070,14648
53,2071,13510
54,2072,8795
55,2073,17221
56,2074,23423
57,2075,21665
58,2076,25340
59,2077,42819
60,2079,7816
61,2080,1766
62,2081,5394
63,2082,5458
64,2083,1665
65,2084,3759
66,2085,11452
67,2086,14214
68,2087,13161
69,2088,28329
70,2089,11491
71,2090,13533
72,2092,7384
73,2093,23555
74,2094,6141
75,2095,16296
76,2096,14955
77,2097,15991
78,2099,42917
79,2100,21973
80,2101,19885
81,2102,8379
82,2103,10877
83,2104,3807
84,2105,2008
85,2106,9659
86,2107,15422
87,2108,1740
88,2110,9846
89,2111,15456
90,2112,38026
91,2113,27637
92,2114,25267
93,2115,12686
94,2116,7274
95,2117,22185
96,2118,27888
97,2119,12458
98,2120,20988
99,2121,34209
100,2122,31187
101,2125,16620
102,2126,19082
103,2127,23198
104,2128,3600
105,2130,7288
106,2131,23012
107,2132,10755
108,2133,10929
109,2134,18224
110,2135,25915
111,2136,7763
112,2137,27726
113,2138,19686
114,2140,20766
115,2141,32425
116,2142,27993
117,2143,9774
118,2144,39333
119,2145,87531
120,2146,19456
121,2147,37285
122,2148,67483
123,2150,35254
124,2151,21204
125,2152,11261
126,2153,62610
127,2154,40874
128,2155,75699
129,2156,13403
130,2157,4042
131,2158,8937
132,2159,5148
133,2160,39388
134,2161,34379
135,2162,20306
136,2163,10544
137,2164,21273
138,2165,45046
139,2166,54184
140,2167,10536
141,2168,45023
142,2170,114479
143,2171,38882
144,2172,2892
145,2173,14544
146,2174,12080
147,2175,1790
148,2176,50022
149,2177,17154
150,2178,4170
151,2179,16262
152,2190,27559
153,2191,6555
154,2192,13781
155,2193,17778
156,2194,26132
157,2195,27103
158,2196,33743
159,2197,10121
160,2198,9843
161,2199,19651
162,2200,48003
163,2203,13946
164,2204,26567
165,2205,25338
166,2206,19730
167,2207,28382
168,2208,12881
169,2209,15825
170,2210,33262
171,2211,17610
172,2212,17184
173,2213,23290
174,2214,4074
175,2216,28027
176,2217,28673
177,2218,16182
178,2219,13771
179,2220,33761
180,2221,17065
181,2222,12660
182,2223,21403
183,2224,14559
184,2225,5560
185,2226,13054
186,2227,15364
187,2228,21001
188,2229,30943
189,2230,30690
190,2231,2528
191,2232,35304
192,2233,29960
193,2234,30648
194,2250,71168
195,2251,33721
196,2256,16039
197,2257,30403
198,2258,5253
199,2259,66236
200,2260,25845
201,2261,55129
202,2262,21411
203,2263,24554
204,2264,16162
205,2265,7464
206,2267,2920
207,2278,2565
208,2280,27183
209,2281,15323
210,2282,16146
211,2283,24419
212,2284,12612
213,2285,33869
214,2286,4690
215,2287,40845
216,2289,20257
217,2290,34912
218,2291,14279
219,2292,2622
220,2293,3302
221,2294,2061
222,2295,8091
223,2296,2026
224,2297,1801
225,2298,10141
226,2299,11905
227,2300,12058
228,2302,1411
229,2303,9710
230,2304,15807
231,2305,13108
232,2306,3421
233,2307,4537
234,2308,1358
235,2311,913
236,2312,1500
237,2315,15287
238,2316,6577
239,2317,6553
240,2318,13667
241,2319,6887
242,2320,39163
243,2321,19857
244,2322,24373
245,2323,26051
246,2324,25443
247,2325,31073
248,2326,7871
249,2327,7830
250,2328,2506
251,2329,2138
252,2330,21445
253,2331,581
254,2333,13795
255,2334,3349
256,2335,8124
257,2336,2589
258,2337,8060
259,2338,1403
260,2339,718
261,2340,52436
262,2341,1478
263,2342,465
264,2343,4858
265,2344,674
266,2345,707
267,2346,3033
268,2347,1865
269,2350,26911
270,2352,2950
271,2353,1201
272,2354,3484
273,2355,627
274,2356,124
275,2357,4069
276,2358,3727
277,2359,710
278,2360,14995
279,2361,927
280,2365,3762
281,2369,871
282,2370,7785
283,2371,1158
284,2372,4789
285,2379,291
286,2380,11118
287,2381,1302
288,2382,1381
289,2386,293
290,2387,201
291,2388,2554
292,2390,8540
293,2395,725
294,2396,834
295,2397,286
296,2398,248
297,2399,623
298,2400,9708
299,2401,299
300,2402,1745
301,2403,719
302,2404,1676
303,2405,500
304,2406,705
305,2408,310
306,2409,1072
307,2410,240
308,2411,104
309,2415,429
310,2420,4016
311,2421,2069
312,2422,5608
313,2423,3297
314,2424,480
315,2425,2018
316,2426,850
317,2427,3463
318,2428,25187
319,2429,9650
320,2430,36841
321,2431,5628
322,2439,4031
323,2440,23166
324,2441,4288
325,2443,8739
326,2444,51117
327,2445,7350
328,2446,15054
329,2447,7809
330,2448,9618
331,2449,2165
332,2450,47335
333,2452,15260
334,2453,2787
335,2454,7953
336,2455,3185
337,2456,17141
338,2460,31079
339,2462,2529
340,2463,8304
341,2464,7058
342,2465,346
343,2466,1765
344,2469,4359
345,2470,15477
346,2471,2821
347,2472,1987
348,2473,3203
349,2474,6492
350,2475,399
351,2476,847
352,2477,12899
353,2478,32053
354,2479,5780
355,2480,45938
356,2481,13659
357,2482,6967
358,2483,11616
359,2484,20083
360,2485,15349
361,2486,32838
362,2487,15090
363,2488,3523
364,2489,7894
365,2490,690
366,2500,43472
367,2502,12551
368,2505,5088
369,2506,7798
370,2508,9346
371,2515,11745
372,2516,6798
373,2517,13959
374,2518,19864
375,2519,17227
376,2525,12335
377,2526,16736
378,2527,26072
379,2528,23735
380,2529,29134
381,2530,35038
382,2533,17177
383,2534,5767
384,2535,7993
385,2536,19333
386,2537,12981
387,2538,2580
388,2539,20305
389,2540,48267
390,2541,28038
391,2545,1117
392,2546,10066
393,2548,8419
394,2549,4101
395,2550,16936
396,2551,3718
397,2555,168
398,2556,2433
399,2557,20103
400,2558,11099
401,2559,2991
402,2560,82543
403,2563,276
404,2564,14198
405,2565,31588
406,2566,27796
407,2567,40951
408,2568,1252
409,2569,1386
410,2570,63663
411,2571,13174
412,2572,5484
413,2573,5777
414,2574,5934
415,2575,17846
416,2576,14189
417,2577,16724
418,2578,2846
419,2579,4646
420,2580,31629
421,2581,2507
422,2582,13693
423,2583,4604
424,2584,550
425,2585,235
426,2586,2871
427,2587,2932
428,2588,299
429,2590,7153
430,2594,12150
431,2619,9601
432,2620,45604
433,2621,6688
434,2622,4141
435,2623,611
436,2624,162
437,2625,400
438,2626,515
439,2627,5263
440,2628,2176
441,2629,534
442,2630,8876
443,2631,629
444,2632,1892
445,2633,321
446,2640,39879
447,2641,16550
448,2642,5476
449,2643,2997
450,2644,2442
451,2645,339
452,2646,6841
453,2647,2557
454,2648,2671
455,2649,30
456,2650,61511
457,2651,3081
458,2652,4757
459,2653,2636
460,2655,1416
461,2656,1327
462,2658,1488
463,2659,871
464,2660,1607
465,2661,395
466,2663,5281
467,2665,2017
468,2666,5636
469,2668,404
470,2669,1539
471,2671,3969
472,2672,1511
473,2675,1659
474,2678,433
475,2680,25339
476,2681,1793
477,2700,4873
478,2701,2492
479,2702,793
480,2703,744
481,2705,10687
482,2706,1030
483,2707,1167
484,2710,9743
485,2711,3197
486,2712,1375
487,2713,2746
488,2714,2921
489,2715,1382
490,2716,988
491,2717,1205
492,2720,8501
493,2721,230
494,2722,3418
495,2725,347
496,2726,255
497,2727,348
498,2729,1622
499,2730,1335
500,2731,7446
501,2732,1877
502,2733,598
503,2734,472
504,2735,408
505,2736,419
506,2737,822
507,2738,2132
508,2739,1414
509,2745,31847
510,2747,54397
511,2748,1798
512,2749,17029
513,2750,49204
514,2752,5747
515,2753,17587
516,2754,7065
517,2756,35328
518,2757,850
519,2758,8848
520,2759,26434
521,2760,37632
522,2761,34702
523,2762,21780
524,2763,33197
525,2765,45613
526,2766,17047
527,2767,23384
528,2768,28864
529,2769,16315
530,2770,61494
531,2773,5978
532,2774,13010
533,2775,1518
534,2776,4156
535,2777,17816
536,2778,2425
537,2779,5077
538,2780,13348
539,2782,6428
540,2783,2651
541,2784,1300
542,2785,4822
543,2786,1178
544,2787,4605
545,2790,15452
546,2791,322
547,2792,386
548,2793,1074
549,2794,10504
550,2795,45077
551,2797,434
552,2798,2193
553,2799,4156
554,2800,48283
555,2803,286
556,2804,2832
557,2805,408
558,2806,862
559,2807,450
560,2808,216
561,2809,202
562,2810,3132
563,2817,359
564,2818,849
565,2820,7378
566,2821,4778
567,2822,433
568,2823,1340
569,2824,2055
570,2825,2202
571,2826,178
572,2827,3678
573,2828,798
574,2829,2965
575,2830,44963
576,2831,1845
577,2832,2149
578,2833,634
579,2834,1984
580,2835,3793
581,2836,895
582,2838,223
583,2839,1079
584,2840,2389
585,2842,720
586,2843,1262
587,2844,1312
588,2845,2019
589,2846,253
590,2847,2447
591,2848,1540
592,2849,1610
593,2850,19146
594,2852,3734
595,2864,824
596,2865,927
597,2866,3112
598,2867,636
599,2868,579
600,2869,1528
601,2870,12036
602,2871,8965
603,2873,560
604,2874,369
605,2875,802
606,2876,494
607,2877,3575
608,2878,286
609,2879,577
610,2880,18097
611,2898,445
612,3000,43084
613,3002,4896
614,3003,8025
615,3004,11482
616,3006,22699
617,3008,15495
618,3011,22278
619,3012,27023
620,3013,15636
621,3015,18634
622,3016,16025
623,3018,13556
624,3019,9682
625,3020,44372
626,3021,55112
627,3022,3170
628,3023,67146
629,3024,34004
630,3025,12962
631,3026,8770
632,3027,9448
633,3028,28191
634,3029,129888
635,3030,119201
636,3031,17772
637,3032,29874
638,3033,15078
639,3034,12388
640,3036,5974
641,3037,51402
642,3038,26703
643,3039,16224
644,3040,26722
645,3041,13111
646,3042,16763
647,3043,17912
648,3044,28701
649,3045,64
650,3046,36772
651,3047,21478
652,3048,18081
653,3049,9812
654,3051,14953
655,3052,7297
656,3053,16034
657,3054,8186
658,3055,14746
659,3056,24912
660,3057,13262
661,3058,34906
662,3059,21274
663,3060,14274
664,3061,4977
665,3062,6
666,3063,563
667,3064,114413
668,3065,10431
669,3066,9179
670,3067,9096
671,3068,19382
672,3070,25276
673,3071,19005
674,3072,33790
675,3073,51096
676,3074,20234
677,3075,23219
678,3076,33489
679,3078,12237
680,3079,17055
681,3081,14003
682,3082,28712
683,3083,31529
684,3084,27045
685,3085,14050
686,3087,9156
687,3088,27181
688,3089,12503
689,3090,2575
690,3091,1602
691,3093,3962
692,3094,9250
693,3095,28373
694,3096,1911
695,3097,1536
696,3099,4993
697,3101,24499
698,3102,6620
699,3103,15621
700,3104,21302
701,3105,11124
702,3106,16966
703,3107,14164
704,3108,25054
705,3109,30926
706,3111,12644
707,3113,8562
708,3114,3835
709,3115,3843
710,3116,11779
711,3121,31534
712,3122,22322
713,3123,14834
714,3124,21965
715,3125,15147
716,3126,7773
717,3127,18608
718,3128,22841
719,3129,17946
720,3130,33044
721,3131,23191
722,3132,16795
723,3133,22951
724,3134,34607
725,3135,20698
726,3136,46296
727,3137,14558
728,3138,23059
729,3139,14257
730,3140,17348
731,3141,25028
732,3142,12817
733,3143,9376
734,3144,10763
735,3145,23594
736,3146,26131
737,3147,15102
738,3148,9552
739,3149,35340
740,3150,63298
741,3151,10675
742,3152,34940
743,3153,21276
744,3154,4500
745,3155,23660
746,3156,38484
747,3158,6818
748,3159,2593
749,3160,9024
750,3161,16903
751,3162,18075
752,3163,32810
753,3165,30159
754,3166,24753
755,3167,9851
756,3168,21880
757,3169,20820
758,3170,19889
759,3171,22174
760,3172,23261
761,3173,30018
762,3174,39693
763,3175,53545
764,3177,11889
765,3178,33571
766,3179,6066
767,3180,7645
768,3181,19636
769,3182,22438
770,3183,17964
771,3184,15153
772,3185,13433
773,3186,23252
774,3187,16757
775,3188,18587
776,3189,6287
777,3190,12007
778,3191,10926
779,3192,24129
780,3193,20207
781,3194,13221
782,3195,37364
783,3196,26876
784,3197,12032
785,3198,17215
786,3199,56127
787,3200,5711
788,3201,21976
789,3202,2826
790,3204,33130
791,3205,11548
792,3206,10043
793,3207,17633
794,3211,1353
795,3212,19272
796,3213,4753
797,3214,24500
798,3215,21994
799,3216,60123
800,3217,20499
801,3218,14942
802,3219,20309
803,3220,17270
804,3221,801
805,3222,18576
806,3223,9536
807,3224,15101
808,3225,5408
809,3226,17714
810,3227,5459
811,3228,24181
812,3230,3208
813,3231,1571
814,3232,1327
815,3233,2363
816,3234,237
817,3235,515
818,3236,257
819,3237,276
820,3238,251
821,3239,491
822,3240,2169
823,3241,3072
824,3242,942
825,3243,392
826,3249,3368
827,3250,12756
828,3251,524
829,3254,358
830,3260,4801
831,3264,2254
832,3265,2827
833,3266,3047
834,3267,214
835,3268,2552
836,3269,676
837,3270,322
838,3271,188
839,3272,1641
840,3273,130
841,3274,256
842,3275,490
843,3276,437
844,3277,1820
845,3278,343
846,3279,300
847,3280,33298
848,3281,1857
849,3282,2488
850,3283,1423
851,3284,3860
852,3285,1255
853,3286,532
854,3287,418
855,3289,804
856,3292,191
857,3293,336
858,3294,967
859,3300,10479
860,3301,1267
861,3302,356
862,3303,282
863,3304,2786
864,3305,13344
865,3309,122
866,3310,263
867,3311,1707
868,3312,1023
869,3314,569
870,3315,1686
871,3317,184
872,3318,1243
873,3319,410
874,3321,1780
875,3322,176
876,3323,91
877,3324,577
878,3325,456
879,3328,2308
880,3329,309
881,3330,208
882,3331,7202
883,3332,1181
884,3333,864
885,3334,544
886,3335,6195
887,3336,17737
888,3337,40724
889,3338,37062
890,3340,25614
891,3341,1644
892,3342,3946
893,3345,1393
894,3350,66022
895,3351,9106
896,3352,18922
897,3355,13059
898,3356,15601
899,3357,3797
900,3358,3440
901,3360,803
902,3361,695
903,3363,3598
904,3364,2272
905,3370,1900
906,3371,1090
907,3373,2453
908,3374,425
909,3375,236
910,3377,9602
911,3378,140
912,3379,749
913,3380,6220
914,3381,1401
915,3384,608
916,3385,541
917,3387,289
918,3388,567
919,3390,957
920,3391,181
921,3392,584
922,3393,2614
923,3395,350
924,3396,694
925,3400,15134
926,3401,4596
927,3407,416
928,3409,987
929,3412,295
930,3413,196
931,3414,1719
932,3415,36
933,3418,2875
934,3419,891
935,3420,283
936,3423,476
937,3424,750
938,3427,5669
939,3428,668
940,3429,39093
941,3430,303
942,3431,4390
943,3432,185
944,3433,207
945,3434,6143
946,3435,3228
947,3437,11715
948,3438,2509
949,3440,2073
950,3441,1450
951,3442,8586
952,3444,10066
953,3446,1101
954,3447,524
955,3448,981
956,3450,7588
957,3451,5819
958,3453,1852
959,3458,2330
960,3460,2799
961,3461,4614
962,3462,1230
963,3463,2588
964,3464,1192
965,3465,10111
966,3467,1356
967,3468,267
968,3469,269
969,3472,1492
970,3475,373
971,3477,817
972,3478,2584
973,3480,1805
974,3482,207
975,3483,882
976,3485,291
977,3487,82
978,3488,89
979,3489,62
980,3490,1292
981,3491,149
982,3494,641
983,3496,6464
984,3498,5977
985,3500,34565
986,3501,2146
987,3505,5010
988,3506,33
989,3507,171
990,3509,228
991,3512,369
992,3515,2516
993,3516,722
994,3517,1497
995,3518,1321
996,3520,156
997,3521,772
998,3522,338
999,3523,3965
1000,3525,1369
1001,3527,741
1002,3529,117
1003,3530,114
1004,3531,194
1005,3533,744
1006,3537,1094
1007,3540,263
1008,3542,139
1009,3544,252
1010,3546,346
1011,3549,4017
1012,3550,41839
1013,3551,35614
1014,3555,21043
1015,3556,14088
1016,3557,853
1017,3558,971
1018,3559,563
1019,3561,4498
1020,3562,257
1021,3563,850
1022,3564,17080
1023,3565,134
1024,3566,578
1025,3567,665
1026,3568,2947
1027,3570,837
1028,3571,305
1029,3572,137
1030,3573,340
1031,3575,842
1032,3576,60
1033,3579,5450
1034,3580,1101
1035,3581,147
1036,3583,162
1037,3584,1138
1038,3585,11508
1039,3586,799
1040,3588,404
1041,3589,359
1042,3590,337
1043,3591,163
1044,3594,536
1045,3595,673
1046,3596,103
1047,3597,458
1048,3599,154
1049,3607,160
1050,3608,2825
1051,3610,1600
1052,3612,1801
1053,3614,927
1054,3616,5605
1055,3617,161
1056,3618,679
1057,3620,8340
1058,3621,2437
1059,3622,537
1060,3623,890
1061,3624,563
1062,3629,9536
1063,3630,32151
1064,3631,14605
1065,3633,620
1066,3634,1888
1067,3635,552
1068,3636,5375
1069,3637,642
1070,3638,2199
1071,3639,479
1072,3640,1025
1073,3641,1266
1074,3644,9390
1075,3646,601
1076,3647,51
1077,3649,478
1078,3658,6251
1079,3659,748
1080,3660,7842
1081,3662,1108
1082,3663,183
1083,3664,1139
1084,3665,397
1085,3666,5142
1086,3669,1475
1087,3670,596
1088,3672,10822
1089,3673,1818
1090,3675,1936
1091,3677,19214
1092,3678,6568
1093,3682,645
1094,3683,1748
1095,3685,2935
1096,3687,1061
1097,3688,1334
1098,3690,35051
1099,3691,12771
1100,3695,488
1101,3697,568
1102,3698,1012
1103,3699,1242
1104,3700,1403
1105,3701,1101
1106,3704,26
1107,3705,254
1108,3707,1871
1109,3708,66
1110,3709,307
1111,3711,591
1112,3712,354
1113,3713,1023
1114,3714,3749
1115,3715,371
1116,3717,3544
1117,3718,91
1118,3719,420
1119,3720,666
1120,3722,5815
1121,3723,3727
1122,3725,645
1123,3726,411
1124,3727,303
1125,3728,687
1126,3730,9719
1127,3732,608
1128,3733,220
1129,3735,638
1130,3737,4426
1131,3738,197
1132,3739,239
1133,3740,1183
1134,3741,3426
1135,3744,522
1136,3746,382
1137,3747,5054
1138,3749,2123
1139,3750,24407
1140,3751,150
1141,3752,24989
1142,3753,4642
1143,3754,50494
1144,3755,246
1145,3756,15931
1146,3757,9735
1147,3758,2281
1148,3759,1063
1149,3760,356
1150,3761,1186
1151,3762,117
1152,3763,1662
1153,3764,10578
1154,3765,6900
1155,3766,1277
1156,3767,1271
1157,3770,3306
1158,3775,4080
1159,3777,10922
1160,3778,201
1161,3779,501
1162,3781,4638
1163,3782,7974
1164,3783,2559
1165,3785,69
1166,3786,1524
1167,3787,961
1168,3788,1773
1169,3789,294
1170,3791,1418
1171,3792,1046
1172,3793,3651
1173,3795,1323
1174,3796,9799
1175,3797,3764
1176,3799,5951
1177,3802,24455
1178,3803,11355
1179,3804,8466
1180,3805,58600
1181,3806,51308
1182,3807,7655
1183,3808,3147
1184,3809,19662
1185,3810,55588
1186,3812,2488
1187,3813,963
1188,3814,2604
1189,3815,3693
1190,3816,3227
1191,3818,17313
1192,3820,20054
1193,3821,3142
1194,3822,1001
1195,3823,2117
1196,3824,5438
1197,3825,21078
1198,3831,2012
1199,3832,245
1200,3833,340
1201,3835,475
1202,3840,17225
1203,3842,4924
1204,3844,31179
1205,3847,2278
1206,3850,15472
1207,3851,6231
1208,3852,210
1209,3854,1478
1210,3856,1085
1211,3857,389
1212,3858,3125
1213,3859,945
1214,3860,7455
1215,3862,3547
1216,3864,241
1217,3865,527
1218,3869,1738
1219,3870,1319
1220,3871,3039
1221,3873,324
1222,3874,610
1223,3875,20015
1224,3878,1306
1225,3880,4235
1226,3882,1322
1227,3885,1876
1228,3886,415
1229,3887,268
1230,3888,3502
1231,3889,171
1232,3890,335
1233,3891,121
1234,3892,1183
1235,3893,25
1236,3895,198
1237,3896,351
1238,3898,705
1239,3900,173
1240,3902,423
1241,3903,861
1242,3904,1899
1243,3909,8713
1244,3910,23588
1245,3911,3514
1246,3912,15633
1247,3913,3449
1248,3915,10723
1249,3916,1036
1250,3918,4276
1251,3919,3343
1252,3920,1124
1253,3921,139
1254,3922,10118
1255,3923,836
1256,3925,4550
1257,3926,3421
1258,3927,1857
1259,3928,453
1260,3929,1130
1261,3930,18734
1262,3931,25759
1263,3933,1004
1264,3934,19846
1265,3936,13366
1266,3937,1717
1267,3938,3311
1268,3939,15900
1269,3940,5246
1270,3941,13591
1271,3942,2786
1272,3943,2013
1273,3944,787
1274,3945,1092
1275,3946,303
1276,3950,5133
1277,3951,1020
1278,3953,8194
1279,3954,366
1280,3956,3037
1281,3957,310
1282,3958,284
1283,3959,1223
1284,3960,2715
1285,3962,954
1286,3964,174
1287,3965,220
1288,3966,544
1289,3967,108
1290,3971,4195
1291,3975,18048
1292,3976,26082
1293,3977,117143
1294,3978,43202
1295,3979,365
1296,3980,3571
1297,3981,5437
1298,3984,7374
1299,3987,1644
1300,3988,1094
1301,3990,118
1302,3991,405
1303,3992,1281
1304,3995,11596
1305,3996,6649
1306,4000,20341
1307,4005,17714
1308,4006,24411
1309,4007,15451
1310,4008,373
1311,4009,11
1312,4010,3446
1313,4011,15813
1314,4012,23440
1315,4013,4876
1316,4014,13190
1317,4017,37756
1318,4018,14097
1319,4019,20576
1320,4020,25603
1321,4021,9745
1322,4022,7538
1323,4025,309
1324,4030,18592
1325,4031,14292
1326,4032,18389
1327,4034,46741
1328,4035,27323
1329,4036,7000
1330,4037,7822
1331,4051,29574
1332,4053,47604
1333,4054,13986
1334,4055,22364
1335,4059,13740
1336,4060,13450
1337,4061,17318
1338,4064,12191
1339,4065,10171
1340,4066,18609
1341,4067,12220
1342,4068,25676
1343,4069,35527
1344,4070,12045
1345,4073,9293
1346,4074,24071
1347,4075,25506
1348,4076,8353
1349,4077,35805
1350,4078,26263
1351,4101,35246
1352,4102,10823
1353,4103,14995
1354,4104,7062
1355,4105,13929
1356,4106,1672
1357,4107,6790
1358,4108,6188
1359,4109,37703
1360,4110,16461
1361,4111,1085
1362,4112,8737
1363,4113,29524
1364,4114,29702
1365,4115,20169
1366,4116,27459
1367,4117,2954
1368,4118,31493
1369,4119,6809
1370,4120,10387
1371,4121,26062
1372,4122,47147
1373,4123,22857
1374,4124,23445
1375,4125,12893
1376,4127,27206
1377,4128,16936
1378,4129,6764
1379,4130,9140
1380,4131,11781
1381,4132,27070
1382,4133,22472
1383,4151,18132
1384,4152,47570
1385,4153,4498
1386,4154,11449
1387,4155,1475
1388,4156,3388
1389,4157,19771
1390,4158,3877
1391,4159,14816
1392,4160,19044
1393,4161,16472
1394,4163,15850
1395,4164,19263
1396,4165,39491
1397,4169,15882
1398,4170,28030
1399,4171,16886
1400,4172,4946
1401,4173,8463
1402,4174,2843
1403,4178,26887
1404,4179,20222
1405,4183,2156
1406,4184,8481
1407,4205,6333
1408,4207,68477
1409,4208,24342
1410,4209,74284
1411,4210,22605
1412,4211,62508
1413,4212,33470
1414,4213,31153
1415,4214,38871
1416,4215,55425
1417,4216,39714
1418,4217,45197
1419,4218,35371
1420,4220,32574
1421,4221,28889
1422,4223,15156
1423,4224,7175
1424,4225,8374
1425,4226,37266
1426,4227,23904
1427,4228,5585
1428,4270,4388
1429,4272,8105
1430,4275,3895
1431,4280,21258
1432,4285,21763
1433,4287,938
1434,4300,68675
1435,4301,36527
1436,4303,4173
1437,4304,17815
1438,4305,64356
1439,4306,43997
1440,4307,1575
1441,4309,3366
1442,4310,6017
1443,4311,10412
1444,4312,2590
1445,4313,2316
1446,4314,3255
1447,4340,6007
1448,4341,15952
1449,4342,2702
1450,4343,12173
1451,4344,2709
1452,4346,1013
1453,4347,1344
1454,4350,115218
1455,4352,31026
1456,4353,348
1457,4354,1283
1458,4355,2812
1459,4356,5218
1460,4357,2531
1461,4358,2967
1462,4359,1388
1463,4360,609
1464,4361,2654
1465,4362,2613
1466,4363,626
1467,4364,182
1468,4365,596
1469,4370,19195
1470,4371,695
1471,4372,148
1472,4373,983
1473,4374,402
1474,4375,229
1475,4376,351
1476,4377,625
1477,4378,571
1478,4380,8093
1479,4381,692
1480,4382,462
1481,4383,607
1482,4384,49
1483,4385,1166
1484,4387,1338
1485,4388,348
1486,4390,6719
1487,4400,2159
1488,4401,5823
1489,4402,297
1490,4403,850
1491,4404,474
1492,4405,14360
1493,4406,1712
1494,4407,506
1495,4408,538
1496,4410,1156
1497,4411,291
1498,4412,211
1499,4413,8675
1500,4415,2166
1501,4416,412
1502,4417,699
1503,4418,86
1504,4419,1082
1505,4420,1219
1506,4421,2178
1507,4422,447
1508,4423,197
1509,4424,235
1510,4425,170
1511,4426,146
1512,4427,315
1513,4428,627
1514,4454,730
1515,4455,8610
1516,4461,38
1517,4462,128
1518,4465,1263
1519,4467,157
1520,4468,260
1521,4470,3184
1522,4472,1408
1523,4474,72
1524,4477,530
1525,4478,500
1526,4479,7
1527,4480,625
1528,4481,118
1529,4482,110
1530,4486,669
1531,4487,3179
1532,4488,247
1533,4489,78
1534,4490,1508
1535,4491,94
1536,4492,322
1537,4493,19
1538,4494,160
1539,4496,208
1540,4497,315
1541,4498,188
1542,4500,45656
1543,4501,5905
1544,4502,8722
1545,4503,52483
1546,4504,20910
1547,4505,26144
1548,4506,25306
1549,4507,20612
1550,4508,19573
1551,4509,37952
1552,4510,55940
1553,4511,9929
1554,4512,3677
1555,4514,8605
1556,4515,4467
1557,4516,4290
1558,4517,941
1559,4518,5601
1560,4519,9477
1561,4520,13885
1562,4521,5174
1563,4550,4908
1564,4551,68286
1565,4552,9019
1566,4553,10748
1567,4554,2000
1568,4555,7723
1569,4556,47150
1570,4557,20161
1571,4558,23327
1572,4559,7444
1573,4560,36706
1574,4561,8637
1575,4562,8793
1576,4563,9826
1577,4564,11659
1578,4565,15033
1579,4566,8716
1580,4567,11979
1581,4568,3736
1582,4569,1756
1583,4570,46427
1584,4571,903
1585,4572,4235
1586,4573,31392
1587,4574,1432
1588,4575,28022
1589,4580,5219
1590,4581,1415
1591,4600,910
1592,4601,1145
1593,4605,4770
1594,4606,2399
1595,4608,920
1596,4610,15212
1597,4611,129
1598,4612,250
1599,4613,886
1600,4614,1226
1601,4615,7356
1602,4620,448
1603,4621,1808
1604,4625,2681
1605,4626,1992
1606,4627,848
1607,4630,2337
1608,4650,34942
1609,4655,66789
1610,4659,5358
1611,4660,8048
1612,4662,841
1613,4670,84718
1614,4671,6285
1615,4673,669
1616,4674,1579
1617,4676,177
1618,4677,4217
1619,4678,818
1620,4680,55339
1621,4694,112
1622,4695,1114
1623,4697,143
1624,4699,451
1625,4700,17312
1626,4701,43828
1627,4702,29819
1628,4703,25129
1629,4704,126
1630,4705,405
1631,4706,72
1632,4707,254
1633,4709,732
1634,4710,5119
1635,4711,1787
1636,4712,262
1637,4713,1019
1638,4714,2945
1639,4715,7068
1640,4716,825
1641,4717,4702
1642,4718,2582
1643,4719,1084
1644,4720,15031
1645,4721,3962
1646,4722,1640
1647,4723,1596
1648,4724,559
1649,4725,1540
1650,4726,372
1651,4727,310
1652,4728,229
1653,4730,3177
1654,4731,218
1655,4732,158
1656,4733,158
1657,4735,960
1658,4736,131
1659,4737,8325
1660,4738,1155
1661,4739,340
1662,4740,85500
1663,4741,7346
1664,4742,1192
1665,4743,556
1666,4744,9425
1667,4745,2918
1668,4746,1989
1669,4750,6025
1670,4751,4681
1671,4753,4627
1672,4754,2505
1673,4756,655
1674,4757,362
1675,4798,691
1676,4799,971
1677,4800,10081
1678,4802,13393
1679,4804,2125
1680,4805,11646
1681,4806,3771
1682,4807,10785
1683,4808,1110
1684,4809,985
1685,4810,21697
1686,4811,13688
1687,4812,19110
1688,4814,46193
1689,4815,21397
1690,4816,9284
1691,4817,30785
1692,4818,32004
1693,4819,2475
1694,4820,10732
1695,4821,1451
1696,4822,779
1697,4823,961
1698,4824,3380
1699,4825,19299
1700,4828,236
1701,4829,516
1702,4830,1739
1703,4849,1368
1704,4850,10923
1705,4852,4055
1706,4854,5525
1707,4855,809
1708,4856,718
1709,4858,1515
1710,4859,528
1711,4860,11316
1712,4861,1541
1713,4865,8623
1714,4868,22896
1715,4869,20619
1716,4870,73803
1717,4871,10798
1718,4872,4248
1719,4873,6771
1720,4874,5603
1721,4875,7526
1722,4876,2801
1723,4877,5462
1724,4878,15044
1725,4879,21919
1726,4880,14331
1727,4881,4826
1728,4882,3177
1729,4883,8949
1730,4884,1901
1731,4885,4021
1732,4886,965
1733,4887,2127
1734,4888,2752
1735,4890,1437
1736,4891,487
1737,4892,5329
1738,4895,4594
1739,5000,18202
1740,5006,6823
1741,5007,8200
1742,5008,14384
1743,5009,5471
1744,5010,6109
1745,5011,13986
1746,5012,11757
1747,5013,10654
1748,5014,12539
1749,5015,6006
1750,5016,9306
1751,5017,5200
1752,5018,5600
1753,5019,9385
1754,5020,3236
1755,5021,6768
1756,5022,16343
1757,5023,17880
1758,5024,14670
1759,5025,9358
1760,5031,10108
1761,5032,13452
1762,5033,8870
1763,5034,10148
1764,5035,6364
1765,5037,11702
1766,5038,17401
1767,5039,9202
1768,5040,2508
1769,5041,13540
1770,5042,11832
1771,5043,20327
1772,5044,11578
1773,5045,16071
1774,5046,9756
1775,5047,8981
1776,5048,15510
1777,5049,10380
1778,5050,5734
1779,5051,15130
1780,5052,6756
1781,5061,9752
1782,5062,15502
1783,5063,12742
1784,5064,10756
1785,5065,10987
1786,5066,12237
1787,5067,10773
1788,5068,12648
1789,5069,8387
1790,5070,15393
1791,5072,13937
1792,5073,16831
1793,5074,14380
1794,5075,11283
1795,5076,9619
1796,5081,9874
1797,5082,16310
1798,5083,7953
1799,5084,10908
1800,5085,24786
1801,5086,17619
1802,5087,12541
1803,5088,3716
1804,5089,6956
1805,5090,8184
1806,5091,7872
1807,5092,18288
1808,5093,9426
1809,5094,912
1810,5095,21372
1811,5096,13765
1812,5097,13908
1813,5098,13058
1814,5106,99
1815,5107,18636
1816,5108,43329
1817,5109,20748
1818,5110,9345
1819,5111,376
1820,5112,20445
1821,5113,19570
1822,5114,36847
1823,5115,13032
1824,5116,10731
1825,5117,4051
1826,5118,19229
1827,5120,2859
1828,5121,2347
1829,5125,20405
1830,5126,7406
1831,5127,7865
1832,5131,979
1833,5132,435
1834,5133,378
1835,5134,457
1836,5136,548
1837,5137,550
1838,5138,364
1839,5139,290
1840,5140,454
1841,5141,772
1842,5142,581
1843,5144,428
1844,5150,57
1845,5151,405
1846,5152,6389
1847,5153,6732
1848,5154,3471
1849,5155,3994
1850,5156,1005
1851,5157,3015
1852,5158,25087
1853,5159,33635
1854,5160,23
1855,5161,10286
1856,5162,35328
1857,5163,14922
1858,5164,5239
1859,5165,5962
1860,5166,1844
1861,5167,6303
1862,5168,5772
1863,5169,20086
1864,5170,1213
1865,5171,6265
1866,5172,4189
1867,5173,13213
1868,5174,3004
1869,5201,2305
1870,5202,938
1871,5203,1320
1872,5204,3373
1873,5210,1877
1874,5211,16845
1875,5212,2251
1876,5213,1298
1877,5214,9557
1878,5220,155
1879,5221,331
1880,5222,678
1881,5223,3734
1882,5231,1284
1883,5232,425
1884,5233,1513
1885,5234,1376
1886,5235,2640
1887,5236,342
1888,5237,358
1889,5238,4422
1890,5240,534
1891,5241,2534
1892,5242,1756
1893,5243,865
1894,5244,4451
1895,5245,3252
1896,5250,3767
1897,5251,19184
1898,5252,6783
1899,5253,19261
1900,5254,2502
1901,5255,10143
1902,5256,1547
1903,5259,1111
1904,5260,1797
1905,5261,335
1906,5262,476
1907,5263,135
1908,5264,1287
1909,5265,428
1910,5266,611
1911,5267,2026
1912,5268,3695
1913,5269,293
1914,5270,624
1915,5271,7663
1916,5272,908
1917,5273,112
1918,5275,2380
1919,5276,1335
1920,5277,2885
1921,5278,529
1922,5279,557
1923,5280,7561
1924,5290,25591
1925,5291,10151
1926,5301,503
1927,5302,855
1928,5303,159
1929,5304,840
1930,5306,72
1931,5307,560
1932,5308,138
1933,5309,135
1934,5310,32
1935,5311,398
1936,5320,699
1937,5321,547
1938,5322,942
1939,5330,3376
1940,5331,312
1941,5332,375
1942,5333,6121
1943,5340,1457
1944,5341,7914
1945,5342,1110
1946,5343,4977
1947,5344,919
1948,5345,3545
1949,5346,375
1950,5350,553
1951,5351,6195
1952,5352,5332
1953,5353,3922
1954,5354,416
1955,5355,8281
1956,5356,799
1957,5357,442
1958,5360,1229
1959,5371,1333
1960,5372,2688
1961,5373,3447
1962,5374,1493
1963,5381,336
1964,5400,1063
1965,5401,832
1966,5410,319
1967,5411,337
1968,5412,1191
1969,5413,826
1970,5414,134
1971,5415,247
1972,5416,209
1973,5417,1501
1974,5418,125
1975,5419,245
1976,5420,78
1977,5421,135
1978,5422,1662
1979,5431,857
1980,5432,148
1981,5433,1304
1982,5434,405
1983,5440,169
1984,5451,702
1985,5452,452
1986,5453,5100
1987,5454,391
1988,5455,42
1989,5460,743
1990,5461,2598
1991,5462,518
1992,5464,572
1993,5470,147
1994,5471,80
1995,5472,186
1996,5473,745
1997,5480,886
1998,5481,498
1999,5482,482
2000,5483,342
2001,5485,667
2002,5490,171
2003,5491,1797
2004,5493,67
2005,5495,583
2006,5501,8156
2007,5502,1716
2008,5510,104
2009,5520,540
2010,5521,147
2011,5522,1511
2012,5523,1944
2013,5540,15241
2014,5550,958
2015,5552,351
2016,5554,5389
2017,5555,518
2018,5556,4426
2019,5558,5214
2020,5560,454
2021,5570,597
2022,5571,1978
2023,5572,157
2024,5573,2206
2025,5575,2391
2026,5576,1133
2027,5577,574
2028,5580,363
2029,5581,568
2030,5582,603
2031,5583,838
2032,5600,6150
2033,5601,88
2034,5602,1349
2035,5603,422
2036,5604,218
2037,5605,1852
2038,5606,14459
2039,5607,5360
2040,5608,13041
2041,5609,1961
2042,5611,125
2043,5630,129
2044,5631,1063
2045,5632,231
2046,5633,286
2047,5640,1029
2048,5641,1005
2049,5642,234
2050,5650,167
2051,5651,63
2052,5652,656
2053,5653,66
2054,5654,230
2055,5655,106
2056,5660,39
2057,5661,147
2058,5670,494
2059,5671,169
2060,5680,2123
2061,5690,3954
2062,5700,11042
2063,5701,30
2064,5710,2793
2065,5713,20
2066,5715,30
2067,5717,35
2068,5719,61
2069,5720,252
2070,5722,262
2071,5723,1812
2072,5724,84
2073,5725,3976
2074,5730,115
2075,5731,234
2076,5732,146
2077,5733,129
2078,5734,114
2079,5950,4
2080,6000,13812
2081,6003,3652
2082,6004,11681
2083,6005,6102
2084,6006,9623
2085,6007,8095
2086,6008,16131
2087,6009,18936
2088,6010,18863
2089,6011,9346
2090,6012,9169
2091,6014,22092
2092,6015,6805
2093,6016,10818
2094,6017,4507
2095,6018,42250
2096,6019,24351
2097,6020,22581
2098,6021,20980
2099,6022,5209
2100,6023,15982
2101,6024,13723
2102,6025,31581
2103,6026,22781
2104,6027,42828
2105,6028,23559
2106,6029,2855
2107,6030,40841
2108,6031,18645
2109,6032,189
2110,6033,444
2111,6034,3705
2112,6035,11022
2113,6036,17514
2114,6037,3822
2115,6038,10203
2116,6041,1597
2117,6042,107
2118,6043,233
2119,6044,1300
2120,6050,15770
2121,6051,13199
2122,6052,11555
2123,6053,15288
2124,6054,21029
2125,6055,32320
2126,6056,41172
2127,6057,16697
2128,6058,13181
2129,6059,24169
2130,6060,25486
2131,6061,41683
2132,6062,34144
2133,6063,15045
2134,6064,31068
2135,6065,68443
2136,6066,18459
2137,6067,45
2138,6068,10
2139,6069,46350
2140,6070,3725
2141,6071,3502
2142,6072,829
2143,6073,3190
2144,6074,1001
2145,6076,22308
2146,6077,1639
2147,6078,941
2148,6079,30
2149,6081,4919
2150,6082,3422
2151,6083,3570
2152,6084,9063
2153,6090,25
2154,6100,15816
2155,6101,17301
2156,6102,13949
2157,6103,10897
2158,6104,15082
2159,6105,16283
2160,6106,16
2161,6107,48583
2162,6108,23665
2163,6109,13143
2164,6110,44873
2165,6111,23639
2166,6112,70564
2167,6121,3101
2168,6122,21803
2169,6123,2253
2170,6124,1205
2171,6125,3622
2172,6126,265
2173,6147,15038
2174,6148,18974
2175,6149,18905
2176,6150,13201
2177,6151,17226
2178,6152,26227
2179,6153,21419
2180,6154,10621
2181,6155,53765
2182,6156,18238
2183,6157,14603
2184,6158,7819
2185,6159,3947
2186,6160,9251
2187,6161,166
2188,6162,12074
2189,6163,54704
2190,6164,66124
2191,6165,64
2192,6166,10792
2193,6167,28476
2194,6168,24913
2195,6169,35317
2196,6170,17329
2197,6171,37697
2198,6172,13477
2199,6173,12474
2200,6174,5681
2201,6175,4021
2202,6176,2096
2203,6180,6777
2204,6181,469
2205,6182,0
2206,6207,1243
2207,6208,12946
2208,6209,2002
2209,6210,75034
2210,6211,8498
2211,6213,654
2212,6214,684
2213,6215,4234
2214,6218,541
2215,6219,604
2216,6220,4346
2217,6221,291
2218,6223,159
2219,6224,1254
2220,6225,9164
2221,6226,938
2222,6227,788
2223,6228,144
2224,6229,174
2225,6230,44972
2226,6232,11402
2227,6233,20432
2228,6236,2213
2229,6237,2656
2230,6239,4657
2231,6240,165
2232,6243,84
2233,6244,1580
2234,6251,310
2235,6252,149
2236,6253,655
2237,6254,541
2238,6255,4403
2239,6256,434
2240,6258,6483
2241,6260,1396
2242,6262,733
2243,6271,3461
2244,6275,1506
2245,6280,30585
2246,6281,8543
2247,6282,1522
2248,6284,2875
2249,6285,10633
2250,6286,841
2251,6288,603
2252,6290,1837
2253,6302,3485
2254,6304,1669
2255,6306,976
2256,6308,1568
2257,6309,292
2258,6311,605
2259,6312,4556
2260,6313,247
2261,6315,1878
2262,6316,391
2263,6317,4085
2264,6318,493
2265,6320,554
2266,6321,505
2267,6322,240
2268,6323,1062
2269,6324,3743
2270,6326,514
2271,6327,268
2272,6328,431
2273,6330,38042
2274,6333,6310
2275,6335,758
2276,6336,343
2277,6337,545
2278,6338,730
2279,6341,260
2280,6343,231
2281,6346,832
2282,6348,1115
2283,6350,335
2284,6351,57
2285,6352,172
2286,6353,786
2287,6355,441
2288,6356,115
2289,6357,60
2290,6358,105
2291,6359,439
2292,6361,102
2293,6363,93
2294,6365,538
2295,6367,332
2296,6368,85
2297,6369,656
2298,6370,457
2299,6372,105
2300,6373,82
2301,6375,880
2302,6383,935
2303,6384,25
2304,6385,20
2305,6386,114
2306,6390,1673
2307,6391,1040
2308,6392,432
2309,6393,119
2310,6394,477
2311,6395,1543
2312,6396,353
2313,6397,92
2314,6398,552
2315,6401,8283
2316,6403,158
2317,6405,338
2318,6407,960
2319,6409,386
2320,6410,949
2321,6411,133
2322,6412,59
2323,6413,59
2324,6414,75
2325,6415,2771
2326,6418,742
2327,6419,51
2328,6420,77
2329,6421,168
2330,6422,64
2331,6423,146
2332,6424,72
2333,6425,83
2334,6426,894
2335,6427,93
2336,6428,56
2337,6429,967
2338,6430,21920
2339,6431,935
2340,6432,7150
2341,6434,184
2342,6436,153
2343,6437,747
2344,6438,837
2345,6440,1333
2346,6442,2472
2347,6443,722
2348,6445,159
2349,6446,113
2350,6447,174
2351,6448,406
2352,6450,13159
2353,6452,4
2354,6460,688
2355,6461,494
2356,6462,177
2357,6463,23
2358,6465,42
2359,6466,56
2360,6467,30
2361,6468,194
2362,6470,20
2363,6472,151
2364,6473,53
2365,6475,350
2366,6476,44
2367,6477,242
2368,6479,558
2369,6480,39
2370,6484,35
2371,6485,447
2372,6487,45
2373,6488,162
2374,6489,86
2375,6490,255
2376,6501,921
2377,6502,1221
2378,6503,2354
2379,6504,213
2380,6505,134
2381,6506,58
2382,6507,530
2383,6509,152
2384,6510,1940
2385,6511,480
2386,6512,92
2387,6513,162
2388,6514,639
2389,6515,323
2390,6516,1985
2391,6517,407
2392,6518,209
2393,6519,575
2394,6521,347
2395,6522,407
2396,6525,3680
2397,6528,378
2398,6530,33378
2399,6532,6915
2400,6535,1609
2401,6536,1478
2402,6537,995
2403,6556,1969
2404,6558,2613
2405,6560,1372
2406,6562,1413
2407,6564,330
2408,6566,3296
2409,6567,485
2410,6568,210
2411,6569,270
2412,6571,67
2413,6572,61
2414,6574,64
2415,6575,101
2416,6603,1110
2417,6605,41
2418,6606,133
2419,6608,150
2420,6609,852
2421,6612,162
2422,6613,51
2423,6614,20
2424,6616,61
2425,6620,518
2426,6623,575
2427,6625,57
2428,6627,57
2429,6628,23
2430,6630,482
2431,6631,13
2432,6632,63
2433,6635,379
2434,6638,653
2435,6639,109
2436,6640,215
2437,6642,1200
2438,6646,535
2439,6701,5259
2440,6705,170
2441,6707,3074
2442,6710,940
2443,6712,45
2444,6713,1282
2445,6714,17657
2446,6716,1084
2447,6718,977
2448,6720,2279
2449,6721,4367
2450,6722,11305
2451,6725,11236
2452,6726,5730
2453,6728,5365
2454,6740,1477
2455,6743,6455
2456,6751,4007
2457,6753,6761
2458,6754,1324
2459,6758,1159
2460,6760,927
2461,6762,657
2462,6765,1678
2463,6770,3149
2464,7000,15645
2465,7004,7982
2466,7005,13947
2467,7007,3387
2468,7008,13210
2469,7009,13898
2470,7010,18372
2471,7011,15742
2472,7012,838
2473,7015,11290
2474,7016,3171
2475,7017,6300
2476,7018,23450
2477,7019,7744
2478,7020,2665
2479,7021,2592
2480,7022,963
2481,7023,383
2482,7024,602
2483,7025,1822
2484,7026,1158
2485,7027,372
2486,7030,19720
2487,7050,14593
2488,7052,7688
2489,7053,3637
2490,7054,9609
2491,7055,540
2492,7109,9872
2493,7112,3496
2494,7113,1301
2495,7116,2490
2496,7117,923
2497,7119,47
2498,7120,1892
2499,7139,8
2500,7140,12069
2501,7150,3191
2502,7155,943
2503,7162,667
2504,7163,397
2505,7170,5734
2506,7171,3824
2507,7172,4435
2508,7173,7509
2509,7174,200
2510,7175,184
2511,7176,185
2512,7177,449
2513,7178,325
2514,7179,422
2515,7180,167
2516,7182,247
2517,7183,42
2518,7184,909
2519,7185,139
2520,7186,196
2521,7187,138
2522,7190,3458
2523,7209,414
2524,7210,1076
2525,7211,261
2526,7212,1778
2527,7213,298
2528,7214,630
2529,7215,4066
2530,7216,3563
2531,7248,17177
2532,7249,14056
2533,7250,51133
2534,7252,2993
2535,7253,5160
2536,7254,562
2537,7255,856
2538,7256,1617
2539,7257,64
2540,7258,962
2541,7259,505
2542,7260,3334
2543,7261,244
2544,7262,1891
2545,7263,632
2546,7264,574
2547,7265,233
2548,7267,805
2549,7268,1133
2550,7270,4370
2551,7275,3366
2552,7276,641
2553,7277,6524
2554,7290,2429
2555,7291,721
2556,7292,655
2557,7300,3933
2558,7301,4717
2559,7302,1753
2560,7303,3031
2561,7304,6265
2562,7305,1265
2563,7306,4276
2564,7307,11849
2565,7310,28635
2566,7315,15635
2567,7316,6285
2568,7320,17138
2569,7321,4968
2570,7322,4067
2571,7325,9015
2572,7330,6731
2573,7331,595
2574,7466,32
2575,7467,1808
2576,7468,697
2577,7469,772
2578,7470,752
2579,0800,7149
2580,0810,34330
2581,0812,18634
2582,0820,19920
2583,0822,25304
2584,0828,1697
2585,0829,1963
2586,0830,18501
2587,0832,18727
2588,0834,1811
2589,0835,3153
2590,0836,7597
2591,0837,489
2592,0838,870
2593,0839,510
2594,0840,457
2595,0841,627
2596,0845,396
2597,0846,317
2598,0847,318
2599,0850,7873
2600,0852,8735
2601,0853,850
2602,0854,755
2603,0860,3080
2604,0862,715
2605,0870,20341
2606,0872,14676
2607,0873,2756
2608,0874,554
2609,0875,2482
2610,0880,4953
2611,0885,751
2612,0886,755
2613,2600,8255
2614,2601,7680
2615,2602,34540
2616,2603,10306
2617,2604,13034
2618,2605,12488
2619,2606,12071
2620,2607,14717
2621,2609,1136
2622,2611,36535
2623,2612,18965
2624,2614,20595
2625,2615,47356
2626,2617,38073
2627,2618,1397
2628,2900,4177
2629,2902,15670
2630,2903,9588
2631,2904,13196
2632,2905,28731
2633,2906,18107
2634,2911,4804
2635,2912,8604
2636,2913,39396
2637,2914,34576
2638,2899,2188
2639,6798,1692
2640,6799,593
2641,9494,52069
2642,9797,864
